[INFO] Scanning for projects...
[INFO] 
[INFO] ------------------< com.unicconnect:unicconnect-api >-------------------
[INFO] Building UniConnect API 0.0.1-SNAPSHOT
[INFO]   from pom.xml
[INFO] --------------------------------[ jar ]---------------------------------
[INFO] 
[INFO] >>> spring-boot:3.2.5:run (default-cli) > test-compile @ unicconnect-api >>>
[INFO] 
[INFO] --- resources:3.3.1:resources (default-resources) @ unicconnect-api ---
[INFO] Copying 2 resources from src\main\resources to target\classes
[INFO] Copying 0 resource from src\main\resources to target\classes
[INFO] 
[INFO] --- compiler:3.11.0:compile (default-compile) @ unicconnect-api ---
[INFO] Nothing to compile - all classes are up to date
[INFO] 
[INFO] --- resources:3.3.1:testResources (default-testResources) @ unicconnect-api ---
[INFO] skip non existing resourceDirectory D:\UniConnect\UniConnectServer\src\test\resources
[INFO] 
[INFO] --- compiler:3.11.0:testCompile (default-testCompile) @ unicconnect-api ---
[INFO] Nothing to compile - all classes are up to date
[INFO] 
[INFO] <<< spring-boot:3.2.5:run (default-cli) < test-compile @ unicconnect-api <<<
[INFO] 
[INFO] 
[INFO] --- spring-boot:3.2.5:run (default-cli) @ unicconnect-api ---
[INFO] Attaching agents: []

  .   ____          _            __ _ _
 /\\ / ___'_ __ _ _(_)_ __  __ _ \ \ \ \
( ( )\___ | '_ | '_| | '_ \/ _` | \ \ \ \
 \\/  ___)| |_)| | | | | || (_| |  ) ) ) )
  '  |____| .__|_| |_|_| |_\__, | / / / /
 =========|_|==============|___/=/_/_/_/
 :: Spring Boot ::                (v3.2.5)

2026-08-19T22:20:25.690+06:30  INFO 24284 --- [           main] com.unicconnect.UniConnectApplication    : Starting UniConnectApplication using Java 21.0.11 with PID 24284 (D:\UniConnect\UniConnectServer\target\classes started by Khaing Zin Phyo in D:\UniConnect\UniConnectServer)
2026-08-19T22:20:25.690+06:30  INFO 24284 --- [           main] com.unicconnect.UniConnectApplication    : No active profile set, falling back to 1 default profile: "default"
2026-08-19T22:20:26.631+06:30  INFO 24284 --- [           main] .s.d.r.c.RepositoryConfigurationDelegate : Bootstrapping Spring Data JPA repositories in DEFAULT mode.
2026-08-19T22:20:26.768+06:30  INFO 24284 --- [           main] .s.d.r.c.RepositoryConfigurationDelegate : Finished Spring Data repository scanning in 131 ms. Found 27 JPA repository interfaces.
2026-08-19T22:20:27.486+06:30  INFO 24284 --- [           main] o.s.b.w.embedded.tomcat.TomcatWebServer  : Tomcat initialized with port 8080 (http)
2026-08-19T22:20:27.502+06:30  INFO 24284 --- [           main] o.apache.catalina.core.StandardService   : Starting service [Tomcat]
2026-08-19T22:20:27.502+06:30  INFO 24284 --- [           main] o.apache.catalina.core.StandardEngine    : Starting Servlet engine: [Apache Tomcat/10.1.20]
2026-08-19T22:20:27.565+06:30  INFO 24284 --- [           main] o.a.c.c.C.[Tomcat].[localhost].[/]       : Initializing Spring embedded WebApplicationContext
2026-08-19T22:20:27.565+06:30  INFO 24284 --- [           main] w.s.c.ServletWebServerApplicationContext : Root WebApplicationContext: initialization completed in 1830 ms
2026-08-19T22:20:27.772+06:30  INFO 24284 --- [           main] o.hibernate.jpa.internal.util.LogHelper  : HHH000204: Processing PersistenceUnitInfo [name: default]
2026-08-19T22:20:27.837+06:30  INFO 24284 --- [           main] org.hibernate.Version                    : HHH000412: Hibernate ORM core version 6.4.4.Final
2026-08-19T22:20:27.868+06:30  INFO 24284 --- [           main] o.h.c.internal.RegionFactoryInitiator    : HHH000026: Second-level cache disabled
2026-08-19T22:20:28.073+06:30  INFO 24284 --- [           main] o.s.o.j.p.SpringPersistenceUnitInfo      : No LoadTimeWeaver setup: ignoring JPA class transformer
2026-08-19T22:20:28.105+06:30  INFO 24284 --- [           main] com.zaxxer.hikari.HikariDataSource       : HikariPool-1 - Starting...
2026-08-19T22:20:28.120+06:30  INFO 24284 --- [           main] com.zaxxer.hikari.HikariDataSource       : HikariPool-1 - Start completed.
2026-08-19T22:20:45.039+06:30  WARN 24284 --- [           main] org.hibernate.orm.deprecation            : HHH90000025: PostgreSQLDialect does not need to be specified explicitly using 'hibernate.dialect' (remove the property setting and it will be selected by default)
2026-08-19T22:20:47.415+06:30  INFO 24284 --- [           main] o.h.e.t.j.p.i.JtaPlatformInitiator       : HHH000489: No JTA platform available (set 'hibernate.transaction.jta.platform' to enable JTA platform integration)
2026-08-19T22:20:47.415+06:30  INFO 24284 --- [           main] j.LocalContainerEntityManagerFactoryBean : Initialized JPA EntityManagerFactory for persistence unit 'default'
2026-08-19T22:20:47.865+06:30  INFO 24284 --- [           main] o.s.d.j.r.query.QueryEnhancerFactory     : Hibernate is in classpath; If applicable, HQL parser will be used.
2026-08-19T22:20:49.479+06:30  INFO 24284 --- [           main] com.unicconnect.service.StorageService   : StorageService active mode: local
2026-08-19T22:20:50.131+06:30  INFO 24284 --- [           main] o.s.s.web.DefaultSecurityFilterChain     : Will secure any request with [org.springframework.security.web.session.DisableEncodeUrlFilter@1c87ac1, org.springframework.security.web.context.request.async.WebAsyncManagerIntegrationFilter@601bbbb6, org.springframework.security.web.context.SecurityContextHolderFilter@108b47b4, org.springframework.security.web.header.HeaderWriterFilter@3cb4e32b, org.springframework.web.filter.CorsFilter@5621a9eb, org.springframework.security.web.authentication.logout.LogoutFilter@24fec3b3, com.unicconnect.security.JwtAuthenticationFilter@629a9f26, org.springframework.security.web.savedrequest.RequestCacheAwareFilter@3bea06d0, org.springframework.security.web.servletapi.SecurityContextHolderAwareRequestFilter@18115fdf, org.springframework.security.web.authentication.AnonymousAuthenticationFilter@58c4d427, org.springframework.security.web.session.SessionManagementFilter@26ee00a9, org.springframework.security.web.access.ExceptionTranslationFilter@5fe74841, org.springframework.security.web.access.intercept.AuthorizationFilter@1d6f8bad]
2026-08-19T22:20:50.460+06:30  INFO 24284 --- [           main] o.s.b.w.embedded.tomcat.TomcatWebServer  : Tomcat started on port 8080 (http) with context path ''
2026-08-19T22:20:50.476+06:30  INFO 24284 --- [           main] com.unicconnect.UniConnectApplication    : Started UniConnectApplication in 25.193 seconds (process running for 25.66)
2026-08-19T22:20:51.660+06:30  INFO 24284 --- [           main] com.unicconnect.config.DataInitializer   : Roles seeded successfully
2026-08-19T22:20:55.536+06:30  INFO 24284 --- [           main] com.unicconnect.config.DataInitializer   : Positions seeded successfully
2026-08-19T22:21:18.427+06:30  INFO 24284 --- [nio-8080-exec-1] o.a.c.c.C.[Tomcat].[localhost].[/]       : Initializing Spring DispatcherServlet 'dispatcherServlet'
2026-08-19T22:21:18.427+06:30  INFO 24284 --- [nio-8080-exec-1] o.s.web.servlet.DispatcherServlet        : Initializing Servlet 'dispatcherServlet'
2026-08-19T22:21:18.427+06:30  INFO 24284 --- [nio-8080-exec-1] o.s.web.servlet.DispatcherServlet        : Completed initialization in 0 ms
2026-08-19T22:57:57.360+06:30  INFO 24284 --- [nio-8080-exec-1] c.u.s.TimetableRealtimeEventService      : Realtime stream registered for lobby 01523fef-5727-4b5b-8a82-c959fea97b44 / staff 87a7ceb5-25c8-49c5-8c93-6aa1248f4432
2026-08-19T22:58:33.675+06:30  INFO 24284 --- [nio-8080-exec-3] c.u.s.TimetableRealtimeEventService      : Realtime stream registered for lobby 01523fef-5727-4b5b-8a82-c959fea97b44 / staff 87a7ceb5-25c8-49c5-8c93-6aa1248f4432
2026-08-19T23:00:43.224+06:30  INFO 24284 --- [pool-2-thread-1] c.u.service.TimetableGenerationService   : Timetable generated: 125 schedules for generation 28ba0d09-dbef-42de-a4f5-a02e39d1cf24 (examType=Final Term)
2026-08-19T23:03:43.820+06:30  INFO 24284 --- [nio-8080-exec-5] c.u.s.TimetableRealtimeEventService      : Realtime stream registered for lobby 01523fef-5727-4b5b-8a82-c959fea97b44 / staff 87a7ceb5-25c8-49c5-8c93-6aa1248f4432
2026-08-19T23:09:15.889+06:30  INFO 24284 --- [nio-8080-exec-2] c.u.s.TimetableRealtimeEventService      : Realtime stream registered for lobby 01523fef-5727-4b5b-8a82-c959fea97b44 / staff 87a7ceb5-25c8-49c5-8c93-6aa1248f4432
2026-08-20T00:38:32.858+06:30  INFO 24284 --- [nio-8080-exec-2] c.u.s.TimetableRealtimeEventService      : Realtime stream registered for lobby 01523fef-5727-4b5b-8a82-c959fea97b44 / staff 87a7ceb5-25c8-49c5-8c93-6aa1248f4432
2026-08-20T00:46:14.158+06:30  INFO 24284 --- [io-8080-exec-10] c.u.s.TimetableRealtimeEventService      : Realtime stream registered for lobby 01523fef-5727-4b5b-8a82-c959fea97b44 / staff 87a7ceb5-25c8-49c5-8c93-6aa1248f4432
2026-08-20T01:25:57.477+06:30  WARN 24284 --- [l-1 housekeeper] com.zaxxer.hikari.pool.HikariPool        : HikariPool-1 - Thread starvation or clock leap detected (housekeeper delta=16m25s867ms680µs600ns).
2026-08-20T01:26:26.787+06:30  WARN 24284 --- [nio-8080-exec-1] com.zaxxer.hikari.pool.PoolBase          : HikariPool-1 - Failed to validate connection org.postgresql.jdbc.PgConnection@2836a0df (This connection has been closed.). Possibly consider using a shorter maxLifetime value.
2026-08-20T01:50:24.665+06:30  INFO 24284 --- [nio-8080-exec-8] c.u.s.TimetableRealtimeEventService      : Realtime stream registered for lobby 01523fef-5727-4b5b-8a82-c959fea97b44 / staff 87a7ceb5-25c8-49c5-8c93-6aa1248f4432
2026-08-20T01:53:43.616+06:30  INFO 24284 --- [nio-8080-exec-7] c.u.s.TimetableRealtimeEventService      : Realtime stream registered for lobby 01523fef-5727-4b5b-8a82-c959fea97b44 / staff 87a7ceb5-25c8-49c5-8c93-6aa1248f4432
2026-08-20T01:56:28.141+06:30  INFO 24284 --- [nio-8080-exec-8] c.u.s.TimetableRealtimeEventService      : Realtime stream registered for lobby 01523fef-5727-4b5b-8a82-c959fea97b44 / staff 87a7ceb5-25c8-49c5-8c93-6aa1248f4432
2026-08-20T01:57:10.250+06:30  WARN 24284 --- [nio-8080-exec-6] o.h.engine.jdbc.spi.SqlExceptionHelper   : SQL Error: 0, SQLState: 23505
2026-08-20T01:57:10.250+06:30 ERROR 24284 --- [nio-8080-exec-6] o.h.engine.jdbc.spi.SqlExceptionHelper   : ERROR: duplicate key value violates unique constraint "uq_refresh_tokens_token_hash"
  Detail: Key (token_hash)=(dc50d6f7167ebe83f4f1731ae6027f10ab47810ed8cf587a1e50a8a004c39012) already exists.
2026-08-20T01:57:10.600+06:30  WARN 24284 --- [nio-8080-exec-6] c.u.exception.GlobalExceptionHandler     : Data access failure on /api/auth/refresh: could not execute statement [ERROR: duplicate key value violates unique constraint "uq_refresh_tokens_token_hash"
  Detail: Key (token_hash)=(dc50d6f7167ebe83f4f1731ae6027f10ab47810ed8cf587a1e50a8a004c39012) already exists.] [insert into refresh_tokens (created_at,device_name,expires_at,ip_address,revoked,token_hash,user_id,token_id) values (?,?,?,?,?,?,?,?)]; SQL [insert into refresh_tokens (created_at,device_name,expires_at,ip_address,revoked,token_hash,user_id,token_id) values (?,?,?,?,?,?,?,?)]; constraint [uq_refresh_tokens_token_hash]
2026-08-20T02:23:22.268+06:30  WARN 24284 --- [nio-8080-exec-2] com.zaxxer.hikari.pool.PoolBase          : HikariPool-1 - Failed to validate connection org.postgresql.jdbc.PgConnection@28e5a5ca (This connection has been closed.). Possibly consider using a shorter maxLifetime value.
2026-08-20T02:23:22.268+06:30  WARN 24284 --- [nio-8080-exec-4] com.zaxxer.hikari.pool.PoolBase          : HikariPool-1 - Failed to validate connection org.postgresql.jdbc.PgConnection@2080c38b (This connection has been closed.). Possibly consider using a shorter maxLifetime value.
2026-08-20T02:23:22.268+06:30  WARN 24284 --- [nio-8080-exec-9] com.zaxxer.hikari.pool.PoolBase          : HikariPool-1 - Failed to validate connection org.postgresql.jdbc.PgConnection@ce14c83 (This connection has been closed.). Possibly consider using a shorter maxLifetime value.
2026-08-20T02:23:22.268+06:30  WARN 24284 --- [io-8080-exec-10] com.zaxxer.hikari.pool.PoolBase          : HikariPool-1 - Failed to validate connection org.postgresql.jdbc.PgConnection@2694348f (This connection has been closed.). Possibly consider using a shorter maxLifetime value.
2026-08-20T02:23:22.268+06:30  WARN 24284 --- [nio-8080-exec-1] com.zaxxer.hikari.pool.PoolBase          : HikariPool-1 - Failed to validate connection org.postgresql.jdbc.PgConnection@30e0deba (This connection has been closed.). Possibly consider using a shorter maxLifetime value.
2026-08-20T02:23:21.662+06:30  WARN 24284 --- [nio-8080-exec-3] com.zaxxer.hikari.pool.ProxyConnection   : HikariPool-1 - Connection org.postgresql.jdbc.PgConnection@62def1e6 marked as broken because of SQLSTATE(08006), ErrorCode(0)

org.postgresql.util.PSQLException: An I/O error occurred while sending to the backend.
	at org.postgresql.core.v3.QueryExecutorImpl.execute(QueryExecutorImpl.java:395) ~[postgresql-42.6.2.jar:42.6.2]
	at org.postgresql.core.v3.QueryExecutorImpl.execute(QueryExecutorImpl.java:327) ~[postgresql-42.6.2.jar:42.6.2]
	at org.postgresql.jdbc.PgConnection.executeTransactionCommand(PgConnection.java:965) ~[postgresql-42.6.2.jar:42.6.2]
	at org.postgresql.jdbc.PgConnection.commit(PgConnection.java:987) ~[postgresql-42.6.2.jar:42.6.2]
	at com.zaxxer.hikari.pool.ProxyConnection.commit(ProxyConnection.java:377) ~[HikariCP-5.0.1.jar:na]
	at com.zaxxer.hikari.pool.HikariProxyConnection.commit(HikariProxyConnection.java) ~[HikariCP-5.0.1.jar:na]
	at org.hibernate.resource.jdbc.internal.AbstractLogicalConnectionImplementor.commit(AbstractLogicalConnectionImplementor.java:86) ~[hibernate-core-6.4.4.Final.jar:6.4.4.Final]
	at org.hibernate.resource.transaction.backend.jdbc.internal.JdbcResourceLocalTransactionCoordinatorImpl$TransactionDriverControlImpl.commit(JdbcResourceLocalTransactionCoordinatorImpl.java:268) ~[hibernate-core-6.4.4.Final.jar:6.4.4.Final]
	at org.hibernate.engine.transaction.internal.TransactionImpl.commit(TransactionImpl.java:101) ~[hibernate-core-6.4.4.Final.jar:6.4.4.Final]
	at org.springframework.orm.jpa.JpaTransactionManager.doCommit(JpaTransactionManager.java:562) ~[spring-orm-6.1.6.jar:6.1.6]
	at org.springframework.transaction.support.AbstractPlatformTransactionManager.processCommit(AbstractPlatformTransactionManager.java:794) ~[spring-tx-6.1.6.jar:6.1.6]
	at org.springframework.transaction.support.AbstractPlatformTransactionManager.commit(AbstractPlatformTransactionManager.java:757) ~[spring-tx-6.1.6.jar:6.1.6]
	at org.springframework.transaction.interceptor.TransactionAspectSupport.commitTransactionAfterReturning(TransactionAspectSupport.java:676) ~[spring-tx-6.1.6.jar:6.1.6]
	at org.springframework.transaction.interceptor.TransactionAspectSupport.invokeWithinTransaction(TransactionAspectSupport.java:426) ~[spring-tx-6.1.6.jar:6.1.6]
	at org.springframework.transaction.interceptor.TransactionInterceptor.invoke(TransactionInterceptor.java:119) ~[spring-tx-6.1.6.jar:6.1.6]
	at org.springframework.aop.framework.ReflectiveMethodInvocation.proceed(ReflectiveMethodInvocation.java:184) ~[spring-aop-6.1.6.jar:6.1.6]
	at org.springframework.aop.framework.CglibAopProxy$CglibMethodInvocation.proceed(CglibAopProxy.java:768) ~[spring-aop-6.1.6.jar:6.1.6]
	at org.springframework.aop.framework.CglibAopProxy$DynamicAdvisedInterceptor.intercept(CglibAopProxy.java:720) ~[spring-aop-6.1.6.jar:6.1.6]
	at com.unicconnect.service.AcademicTermService$$SpringCGLIB$$0.getAll(<generated>) ~[classes/:na]
	at com.unicconnect.controller.AcademicTermController.getAll(AcademicTermController.java:25) ~[classes/:na]
	at java.base/jdk.internal.reflect.DirectMethodHandleAccessor.invoke(DirectMethodHandleAccessor.java:103) ~[na:na]
	at java.base/java.lang.reflect.Method.invoke(Method.java:580) ~[na:na]
	at org.springframework.web.method.support.InvocableHandlerMethod.doInvoke(InvocableHandlerMethod.java:255) ~[spring-web-6.1.6.jar:6.1.6]
	at org.springframework.web.method.support.InvocableHandlerMethod.invokeForRequest(InvocableHandlerMethod.java:188) ~[spring-web-6.1.6.jar:6.1.6]
	at org.springframework.web.servlet.mvc.method.annotation.ServletInvocableHandlerMethod.invokeAndHandle(ServletInvocableHandlerMethod.java:118) ~[spring-webmvc-6.1.6.jar:6.1.6]
	at org.springframework.web.servlet.mvc.method.annotation.RequestMappingHandlerAdapter.invokeHandlerMethod(RequestMappingHandlerAdapter.java:926) ~[spring-webmvc-6.1.6.jar:6.1.6]
	at org.springframework.web.servlet.mvc.method.annotation.RequestMappingHandlerAdapter.handleInternal(RequestMappingHandlerAdapter.java:831) ~[spring-webmvc-6.1.6.jar:6.1.6]
	at org.springframework.web.servlet.mvc.method.AbstractHandlerMethodAdapter.handle(AbstractHandlerMethodAdapter.java:87) ~[spring-webmvc-6.1.6.jar:6.1.6]
	at org.springframework.web.servlet.DispatcherServlet.doDispatch(DispatcherServlet.java:1089) ~[spring-webmvc-6.1.6.jar:6.1.6]
	at org.springframework.web.servlet.DispatcherServlet.doService(DispatcherServlet.java:979) ~[spring-webmvc-6.1.6.jar:6.1.6]
	at org.springframework.web.servlet.FrameworkServlet.processRequest(FrameworkServlet.java:1014) ~[spring-webmvc-6.1.6.jar:6.1.6]
	at org.springframework.web.servlet.FrameworkServlet.doGet(FrameworkServlet.java:903) ~[spring-webmvc-6.1.6.jar:6.1.6]
	at jakarta.servlet.http.HttpServlet.service(HttpServlet.java:564) ~[tomcat-embed-core-10.1.20.jar:6.0]
	at org.springframework.web.servlet.FrameworkServlet.service(FrameworkServlet.java:885) ~[spring-webmvc-6.1.6.jar:6.1.6]
	at jakarta.servlet.http.HttpServlet.service(HttpServlet.java:658) ~[tomcat-embed-core-10.1.20.jar:6.0]
	at org.apache.catalina.core.ApplicationFilterChain.internalDoFilter(ApplicationFilterChain.java:206) ~[tomcat-embed-core-10.1.20.jar:10.1.20]
	at org.apache.catalina.core.ApplicationFilterChain.doFilter(ApplicationFilterChain.java:150) ~[tomcat-embed-core-10.1.20.jar:10.1.20]
	at org.apache.tomcat.websocket.server.WsFilter.doFilter(WsFilter.java:51) ~[tomcat-embed-websocket-10.1.20.jar:10.1.20]
	at org.apache.catalina.core.ApplicationFilterChain.internalDoFilter(ApplicationFilterChain.java:175) ~[tomcat-embed-core-10.1.20.jar:10.1.20]
	at org.apache.catalina.core.ApplicationFilterChain.doFilter(ApplicationFilterChain.java:150) ~[tomcat-embed-core-10.1.20.jar:10.1.20]
	at org.springframework.web.filter.OncePerRequestFilter.doFilter(OncePerRequestFilter.java:110) ~[spring-web-6.1.6.jar:6.1.6]
	at org.apache.catalina.core.ApplicationFilterChain.internalDoFilter(ApplicationFilterChain.java:175) ~[tomcat-embed-core-10.1.20.jar:10.1.20]
	at org.apache.catalina.core.ApplicationFilterChain.doFilter(ApplicationFilterChain.java:150) ~[tomcat-embed-core-10.1.20.jar:10.1.20]
	at org.springframework.web.filter.CompositeFilter$VirtualFilterChain.doFilter(CompositeFilter.java:108) ~[spring-web-6.1.6.jar:6.1.6]
	at org.springframework.security.web.FilterChainProxy.lambda$doFilterInternal$3(FilterChainProxy.java:231) ~[spring-security-web-6.2.4.jar:6.2.4]
	at org.springframework.security.web.FilterChainProxy$VirtualFilterChain.doFilter(FilterChainProxy.java:365) ~[spring-security-web-6.2.4.jar:6.2.4]
	at org.springframework.security.web.access.intercept.AuthorizationFilter.doFilter(AuthorizationFilter.java:100) ~[spring-security-web-6.2.4.jar:6.2.4]
	at org.springframework.security.web.FilterChainProxy$VirtualFilterChain.doFilter(FilterChainProxy.java:374) ~[spring-security-web-6.2.4.jar:6.2.4]
	at org.springframework.security.web.access.ExceptionTranslationFilter.doFilter(ExceptionTranslationFilter.java:126) ~[spring-security-web-6.2.4.jar:6.2.4]
	at org.springframework.security.web.access.ExceptionTranslationFilter.doFilter(ExceptionTranslationFilter.java:120) ~[spring-security-web-6.2.4.jar:6.2.4]
	at org.springframework.security.web.FilterChainProxy$VirtualFilterChain.doFilter(FilterChainProxy.java:374) ~[spring-security-web-6.2.4.jar:6.2.4]
	at org.springframework.security.web.session.SessionManagementFilter.doFilter(SessionManagementFilter.java:131) ~[spring-security-web-6.2.4.jar:6.2.4]
	at org.springframework.security.web.session.SessionManagementFilter.doFilter(SessionManagementFilter.java:85) ~[spring-security-web-6.2.4.jar:6.2.4]
	at org.springframework.security.web.FilterChainProxy$VirtualFilterChain.doFilter(FilterChainProxy.java:374) ~[spring-security-web-6.2.4.jar:6.2.4]
	at org.springframework.security.web.authentication.AnonymousAuthenticationFilter.doFilter(AnonymousAuthenticationFilter.java:100) ~[spring-security-web-6.2.4.jar:6.2.4]
	at org.springframework.security.web.FilterChainProxy$VirtualFilterChain.doFilter(FilterChainProxy.java:374) ~[spring-security-web-6.2.4.jar:6.2.4]
	at org.springframework.security.web.servletapi.SecurityContextHolderAwareRequestFilter.doFilter(SecurityContextHolderAwareRequestFilter.java:179) ~[spring-security-web-6.2.4.jar:6.2.4]
	at org.springframework.security.web.FilterChainProxy$VirtualFilterChain.doFilter(FilterChainProxy.java:374) ~[spring-security-web-6.2.4.jar:6.2.4]
	at org.springframework.security.web.savedrequest.RequestCacheAwareFilter.doFilter(RequestCacheAwareFilter.java:63) ~[spring-security-web-6.2.4.jar:6.2.4]
	at org.springframework.security.web.FilterChainProxy$VirtualFilterChain.doFilter(FilterChainProxy.java:374) ~[spring-security-web-6.2.4.jar:6.2.4]
	at com.unicconnect.security.JwtAuthenticationFilter.doFilterInternal(JwtAuthenticationFilter.java:49) ~[classes/:na]
	at org.springframework.web.filter.OncePerRequestFilter.doFilter(OncePerRequestFilter.java:116) ~[spring-web-6.1.6.jar:6.1.6]
	at org.springframework.security.web.FilterChainProxy$VirtualFilterChain.doFilter(FilterChainProxy.java:374) ~[spring-security-web-6.2.4.jar:6.2.4]
	at org.springframework.security.web.authentication.logout.LogoutFilter.doFilter(LogoutFilter.java:107) ~[spring-security-web-6.2.4.jar:6.2.4]
	at org.springframework.security.web.authentication.logout.LogoutFilter.doFilter(LogoutFilter.java:93) ~[spring-security-web-6.2.4.jar:6.2.4]
	at org.springframework.security.web.FilterChainProxy$VirtualFilterChain.doFilter(FilterChainProxy.java:374) ~[spring-security-web-6.2.4.jar:6.2.4]
	at org.springframework.web.filter.CorsFilter.doFilterInternal(CorsFilter.java:91) ~[spring-web-6.1.6.jar:6.1.6]
	at org.springframework.web.filter.OncePerRequestFilter.doFilter(OncePerRequestFilter.java:116) ~[spring-web-6.1.6.jar:6.1.6]
	at org.springframework.security.web.FilterChainProxy$VirtualFilterChain.doFilter(FilterChainProxy.java:374) ~[spring-security-web-6.2.4.jar:6.2.4]
	at org.springframework.security.web.header.HeaderWriterFilter.doHeadersAfter(HeaderWriterFilter.java:90) ~[spring-security-web-6.2.4.jar:6.2.4]
	at org.springframework.security.web.header.HeaderWriterFilter.doFilterInternal(HeaderWriterFilter.java:75) ~[spring-security-web-6.2.4.jar:6.2.4]
	at org.springframework.web.filter.OncePerRequestFilter.doFilter(OncePerRequestFilter.java:116) ~[spring-web-6.1.6.jar:6.1.6]
	at org.springframework.security.web.FilterChainProxy$VirtualFilterChain.doFilter(FilterChainProxy.java:374) ~[spring-security-web-6.2.4.jar:6.2.4]
	at org.springframework.security.web.context.SecurityContextHolderFilter.doFilter(SecurityContextHolderFilter.java:82) ~[spring-security-web-6.2.4.jar:6.2.4]
	at org.springframework.security.web.context.SecurityContextHolderFilter.doFilter(SecurityContextHolderFilter.java:69) ~[spring-security-web-6.2.4.jar:6.2.4]
	at org.springframework.security.web.FilterChainProxy$VirtualFilterChain.doFilter(FilterChainProxy.java:374) ~[spring-security-web-6.2.4.jar:6.2.4]
	at org.springframework.security.web.context.request.async.WebAsyncManagerIntegrationFilter.doFilterInternal(WebAsyncManagerIntegrationFilter.java:62) ~[spring-security-web-6.2.4.jar:6.2.4]
	at org.springframework.web.filter.OncePerRequestFilter.doFilter(OncePerRequestFilter.java:116) ~[spring-web-6.1.6.jar:6.1.6]
	at org.springframework.security.web.FilterChainProxy$VirtualFilterChain.doFilter(FilterChainProxy.java:374) ~[spring-security-web-6.2.4.jar:6.2.4]
	at org.springframework.security.web.session.DisableEncodeUrlFilter.doFilterInternal(DisableEncodeUrlFilter.java:42) ~[spring-security-web-6.2.4.jar:6.2.4]
	at org.springframework.web.filter.OncePerRequestFilter.doFilter(OncePerRequestFilter.java:116) ~[spring-web-6.1.6.jar:6.1.6]
	at org.springframework.security.web.FilterChainProxy$VirtualFilterChain.doFilter(FilterChainProxy.java:374) ~[spring-security-web-6.2.4.jar:6.2.4]
	at org.springframework.security.web.FilterChainProxy.doFilterInternal(FilterChainProxy.java:233) ~[spring-security-web-6.2.4.jar:6.2.4]
	at org.springframework.security.web.FilterChainProxy.doFilter(FilterChainProxy.java:191) ~[spring-security-web-6.2.4.jar:6.2.4]
	at org.springframework.web.filter.CompositeFilter$VirtualFilterChain.doFilter(CompositeFilter.java:113) ~[spring-web-6.1.6.jar:6.1.6]
	at org.springframework.web.servlet.handler.HandlerMappingIntrospector.lambda$createCacheFilter$3(HandlerMappingIntrospector.java:195) ~[spring-webmvc-6.1.6.jar:6.1.6]
	at org.springframework.web.filter.CompositeFilter$VirtualFilterChain.doFilter(CompositeFilter.java:113) ~[spring-web-6.1.6.jar:6.1.6]
	at org.springframework.web.filter.CompositeFilter.doFilter(CompositeFilter.java:74) ~[spring-web-6.1.6.jar:6.1.6]
	at org.springframework.security.config.annotation.web.configuration.WebMvcSecurityConfiguration$CompositeFilterChainProxy.doFilter(WebMvcSecurityConfiguration.java:230) ~[spring-security-config-6.2.4.jar:6.2.4]
	at org.springframework.web.filter.DelegatingFilterProxy.invokeDelegate(DelegatingFilterProxy.java:352) ~[spring-web-6.1.6.jar:6.1.6]
	at org.springframework.web.filter.DelegatingFilterProxy.doFilter(DelegatingFilterProxy.java:268) ~[spring-web-6.1.6.jar:6.1.6]
	at org.apache.catalina.core.ApplicationFilterChain.internalDoFilter(ApplicationFilterChain.java:175) ~[tomcat-embed-core-10.1.20.jar:10.1.20]
	at org.apache.catalina.core.ApplicationFilterChain.doFilter(ApplicationFilterChain.java:150) ~[tomcat-embed-core-10.1.20.jar:10.1.20]
	at org.springframework.web.filter.RequestContextFilter.doFilterInternal(RequestContextFilter.java:100) ~[spring-web-6.1.6.jar:6.1.6]
	at org.springframework.web.filter.OncePerRequestFilter.doFilter(OncePerRequestFilter.java:116) ~[spring-web-6.1.6.jar:6.1.6]
	at org.apache.catalina.core.ApplicationFilterChain.internalDoFilter(ApplicationFilterChain.java:175) ~[tomcat-embed-core-10.1.20.jar:10.1.20]
	at org.apache.catalina.core.ApplicationFilterChain.doFilter(ApplicationFilterChain.java:150) ~[tomcat-embed-core-10.1.20.jar:10.1.20]
	at org.springframework.web.filter.FormContentFilter.doFilterInternal(FormContentFilter.java:93) ~[spring-web-6.1.6.jar:6.1.6]
	at org.springframework.web.filter.OncePerRequestFilter.doFilter(OncePerRequestFilter.java:116) ~[spring-web-6.1.6.jar:6.1.6]
	at org.apache.catalina.core.ApplicationFilterChain.internalDoFilter(ApplicationFilterChain.java:175) ~[tomcat-embed-core-10.1.20.jar:10.1.20]
	at org.apache.catalina.core.ApplicationFilterChain.doFilter(ApplicationFilterChain.java:150) ~[tomcat-embed-core-10.1.20.jar:10.1.20]
	at org.springframework.web.filter.CharacterEncodingFilter.doFilterInternal(CharacterEncodingFilter.java:201) ~[spring-web-6.1.6.jar:6.1.6]
	at org.springframework.web.filter.OncePerRequestFilter.doFilter(OncePerRequestFilter.java:116) ~[spring-web-6.1.6.jar:6.1.6]
	at org.apache.catalina.core.ApplicationFilterChain.internalDoFilter(ApplicationFilterChain.java:175) ~[tomcat-embed-core-10.1.20.jar:10.1.20]
	at org.apache.catalina.core.ApplicationFilterChain.doFilter(ApplicationFilterChain.java:150) ~[tomcat-embed-core-10.1.20.jar:10.1.20]
	at org.apache.catalina.core.StandardWrapperValve.invoke(StandardWrapperValve.java:167) ~[tomcat-embed-core-10.1.20.jar:10.1.20]
	at org.apache.catalina.core.StandardContextValve.invoke(StandardContextValve.java:90) ~[tomcat-embed-core-10.1.20.jar:10.1.20]
	at org.apache.catalina.authenticator.AuthenticatorBase.invoke(AuthenticatorBase.java:482) ~[tomcat-embed-core-10.1.20.jar:10.1.20]
	at org.apache.catalina.core.StandardHostValve.invoke(StandardHostValve.java:115) ~[tomcat-embed-core-10.1.20.jar:10.1.20]
	at org.apache.catalina.valves.ErrorReportValve.invoke(ErrorReportValve.java:93) ~[tomcat-embed-core-10.1.20.jar:10.1.20]
	at org.apache.catalina.core.StandardEngineValve.invoke(StandardEngineValve.java:74) ~[tomcat-embed-core-10.1.20.jar:10.1.20]
	at org.apache.catalina.connector.CoyoteAdapter.service(CoyoteAdapter.java:344) ~[tomcat-embed-core-10.1.20.jar:10.1.20]
	at org.apache.coyote.http11.Http11Processor.service(Http11Processor.java:391) ~[tomcat-embed-core-10.1.20.jar:10.1.20]
	at org.apache.coyote.AbstractProcessorLight.process(AbstractProcessorLight.java:63) ~[tomcat-embed-core-10.1.20.jar:10.1.20]
	at org.apache.coyote.AbstractProtocol$ConnectionHandler.process(AbstractProtocol.java:896) ~[tomcat-embed-core-10.1.20.jar:10.1.20]
	at org.apache.tomcat.util.net.NioEndpoint$SocketProcessor.doRun(NioEndpoint.java:1736) ~[tomcat-embed-core-10.1.20.jar:10.1.20]
	at org.apache.tomcat.util.net.SocketProcessorBase.run(SocketProcessorBase.java:52) ~[tomcat-embed-core-10.1.20.jar:10.1.20]
	at org.apache.tomcat.util.threads.ThreadPoolExecutor.runWorker(ThreadPoolExecutor.java:1191) ~[tomcat-embed-core-10.1.20.jar:10.1.20]
	at org.apache.tomcat.util.threads.ThreadPoolExecutor$Worker.run(ThreadPoolExecutor.java:659) ~[tomcat-embed-core-10.1.20.jar:10.1.20]
	at org.apache.tomcat.util.threads.TaskThread$WrappingRunnable.run(TaskThread.java:63) ~[tomcat-embed-core-10.1.20.jar:10.1.20]
	at java.base/java.lang.Thread.run(Thread.java:1583) ~[na:na]
Caused by: java.net.SocketException: Connection reset
	at java.base/sun.nio.ch.NioSocketImpl.implRead(NioSocketImpl.java:318) ~[na:na]
	at java.base/sun.nio.ch.NioSocketImpl.read(NioSocketImpl.java:346) ~[na:na]
	at java.base/sun.nio.ch.NioSocketImpl$1.read(NioSocketImpl.java:796) ~[na:na]
	at java.base/java.net.Socket$SocketInputStream.read(Socket.java:1099) ~[na:na]
	at java.base/sun.security.ssl.SSLSocketInputRecord.read(SSLSocketInputRecord.java:489) ~[na:na]
	at java.base/sun.security.ssl.SSLSocketInputRecord.readHeader(SSLSocketInputRecord.java:483) ~[na:na]
	at java.base/sun.security.ssl.SSLSocketInputRecord.bytesInCompletePacket(SSLSocketInputRecord.java:70) ~[na:na]
	at java.base/sun.security.ssl.SSLSocketImpl.readApplicationRecord(SSLSocketImpl.java:1460) ~[na:na]
	at java.base/sun.security.ssl.SSLSocketImpl$AppInputStream.read(SSLSocketImpl.java:1066) ~[na:na]
	at org.postgresql.core.VisibleBufferedInputStream.readMore(VisibleBufferedInputStream.java:161) ~[postgresql-42.6.2.jar:42.6.2]
	at org.postgresql.core.VisibleBufferedInputStream.ensureBytes(VisibleBufferedInputStream.java:128) ~[postgresql-42.6.2.jar:42.6.2]
	at org.postgresql.core.VisibleBufferedInputStream.ensureBytes(VisibleBufferedInputStream.java:113) ~[postgresql-42.6.2.jar:42.6.2]
	at org.postgresql.core.VisibleBufferedInputStream.read(VisibleBufferedInputStream.java:73) ~[postgresql-42.6.2.jar:42.6.2]
	at org.postgresql.core.PGStream.receiveChar(PGStream.java:465) ~[postgresql-42.6.2.jar:42.6.2]
	at org.postgresql.core.v3.QueryExecutorImpl.processResults(QueryExecutorImpl.java:2155) ~[postgresql-42.6.2.jar:42.6.2]
	at org.postgresql.core.v3.QueryExecutorImpl.execute(QueryExecutorImpl.java:368) ~[postgresql-42.6.2.jar:42.6.2]
	... 120 common frames omitted

2026-08-20T02:23:21.662+06:30  WARN 24284 --- [nio-8080-exec-6] com.zaxxer.hikari.pool.ProxyConnection   : HikariPool-1 - Connection org.postgresql.jdbc.PgConnection@46ca799d marked as broken because of SQLSTATE(08006), ErrorCode(0)

org.postgresql.util.PSQLException: An I/O error occurred while sending to the backend.
	at org.postgresql.core.v3.QueryExecutorImpl.execute(QueryExecutorImpl.java:395) ~[postgresql-42.6.2.jar:42.6.2]
	at org.postgresql.jdbc.PgStatement.executeInternal(PgStatement.java:498) ~[postgresql-42.6.2.jar:42.6.2]
	at org.postgresql.jdbc.PgStatement.execute(PgStatement.java:415) ~[postgresql-42.6.2.jar:42.6.2]
	at org.postgresql.jdbc.PgPreparedStatement.executeWithFlags(PgPreparedStatement.java:190) ~[postgresql-42.6.2.jar:42.6.2]
	at org.postgresql.jdbc.PgPreparedStatement.executeQuery(PgPreparedStatement.java:134) ~[postgresql-42.6.2.jar:42.6.2]
	at com.zaxxer.hikari.pool.ProxyPreparedStatement.executeQuery(ProxyPreparedStatement.java:52) ~[HikariCP-5.0.1.jar:na]
	at com.zaxxer.hikari.pool.HikariProxyPreparedStatement.executeQuery(HikariProxyPreparedStatement.java) ~[HikariCP-5.0.1.jar:na]
	at org.hibernate.sql.results.jdbc.internal.DeferredResultSetAccess.executeQuery(DeferredResultSetAccess.java:246) ~[hibernate-core-6.4.4.Final.jar:6.4.4.Final]
	at org.hibernate.sql.results.jdbc.internal.DeferredResultSetAccess.getResultSet(DeferredResultSetAccess.java:167) ~[hibernate-core-6.4.4.Final.jar:6.4.4.Final]
	at org.hibernate.sql.results.jdbc.internal.JdbcValuesResultSetImpl.advanceNext(JdbcValuesResultSetImpl.java:218) ~[hibernate-core-6.4.4.Final.jar:6.4.4.Final]
	at org.hibernate.sql.results.jdbc.internal.JdbcValuesResultSetImpl.processNext(JdbcValuesResultSetImpl.java:98) ~[hibernate-core-6.4.4.Final.jar:6.4.4.Final]
	at org.hibernate.sql.results.jdbc.internal.AbstractJdbcValues.next(AbstractJdbcValues.java:19) ~[hibernate-core-6.4.4.Final.jar:6.4.4.Final]
	at org.hibernate.sql.results.internal.RowProcessingStateStandardImpl.next(RowProcessingStateStandardImpl.java:66) ~[hibernate-core-6.4.4.Final.jar:6.4.4.Final]
	at org.hibernate.sql.results.spi.ListResultsConsumer.consume(ListResultsConsumer.java:202) ~[hibernate-core-6.4.4.Final.jar:6.4.4.Final]
	at org.hibernate.sql.results.spi.ListResultsConsumer.consume(ListResultsConsumer.java:33) ~[hibernate-core-6.4.4.Final.jar:6.4.4.Final]
	at org.hibernate.sql.exec.internal.JdbcSelectExecutorStandardImpl.doExecuteQuery(JdbcSelectExecutorStandardImpl.java:209) ~[hibernate-core-6.4.4.Final.jar:6.4.4.Final]
	at org.hibernate.sql.exec.internal.JdbcSelectExecutorStandardImpl.executeQuery(JdbcSelectExecutorStandardImpl.java:83) ~[hibernate-core-6.4.4.Final.jar:6.4.4.Final]
	at org.hibernate.sql.exec.spi.JdbcSelectExecutor.list(JdbcSelectExecutor.java:76) ~[hibernate-core-6.4.4.Final.jar:6.4.4.Final]
	at org.hibernate.sql.exec.spi.JdbcSelectExecutor.list(JdbcSelectExecutor.java:65) ~[hibernate-core-6.4.4.Final.jar:6.4.4.Final]
	at org.hibernate.query.sqm.internal.ConcreteSqmSelectQueryPlan.lambda$new$2(ConcreteSqmSelectQueryPlan.java:137) ~[hibernate-core-6.4.4.Final.jar:6.4.4.Final]
	at org.hibernate.query.sqm.internal.ConcreteSqmSelectQueryPlan.withCacheableSqmInterpretation(ConcreteSqmSelectQueryPlan.java:362) ~[hibernate-core-6.4.4.Final.jar:6.4.4.Final]
	at org.hibernate.query.sqm.internal.ConcreteSqmSelectQueryPlan.performList(ConcreteSqmSelectQueryPlan.java:303) ~[hibernate-core-6.4.4.Final.jar:6.4.4.Final]
	at org.hibernate.query.sqm.internal.QuerySqmImpl.doList(QuerySqmImpl.java:509) ~[hibernate-core-6.4.4.Final.jar:6.4.4.Final]
	at org.hibernate.query.spi.AbstractSelectionQuery.list(AbstractSelectionQuery.java:427) ~[hibernate-core-6.4.4.Final.jar:6.4.4.Final]
	at org.hibernate.query.Query.getResultList(Query.java:120) ~[hibernate-core-6.4.4.Final.jar:6.4.4.Final]
	at org.springframework.data.jpa.repository.query.JpaQueryExecution$CollectionExecution.doExecute(JpaQueryExecution.java:129) ~[spring-data-jpa-3.2.5.jar:3.2.5]
	at org.springframework.data.jpa.repository.query.JpaQueryExecution.execute(JpaQueryExecution.java:92) ~[spring-data-jpa-3.2.5.jar:3.2.5]
	at org.springframework.data.jpa.repository.query.AbstractJpaQuery.doExecute(AbstractJpaQuery.java:149) ~[spring-data-jpa-3.2.5.jar:3.2.5]
	at org.springframework.data.jpa.repository.query.AbstractJpaQuery.execute(AbstractJpaQuery.java:137) ~[spring-data-jpa-3.2.5.jar:3.2.5]
	at org.springframework.data.repository.core.support.RepositoryMethodInvoker.doInvoke(RepositoryMethodInvoker.java:170) ~[spring-data-commons-3.2.5.jar:3.2.5]
	at org.springframework.data.repository.core.support.RepositoryMethodInvoker.invoke(RepositoryMethodInvoker.java:158) ~[spring-data-commons-3.2.5.jar:3.2.5]
	at org.springframework.data.repository.core.support.QueryExecutorMethodInterceptor.doInvoke(QueryExecutorMethodInterceptor.java:164) ~[spring-data-commons-3.2.5.jar:3.2.5]
	at org.springframework.data.repository.core.support.QueryExecutorMethodInterceptor.invoke(QueryExecutorMethodInterceptor.java:143) ~[spring-data-commons-3.2.5.jar:3.2.5]
	at org.springframework.aop.framework.ReflectiveMethodInvocation.proceed(ReflectiveMethodInvocation.java:184) ~[spring-aop-6.1.6.jar:6.1.6]
	at org.springframework.data.projection.DefaultMethodInvokingMethodInterceptor.invoke(DefaultMethodInvokingMethodInterceptor.java:70) ~[spring-data-commons-3.2.5.jar:3.2.5]
	at org.springframework.aop.framework.ReflectiveMethodInvocation.proceed(ReflectiveMethodInvocation.java:184) ~[spring-aop-6.1.6.jar:6.1.6]
	at org.springframework.transaction.interceptor.TransactionInterceptor$1.proceedWithInvocation(TransactionInterceptor.java:123) ~[spring-tx-6.1.6.jar:6.1.6]
	at org.springframework.transaction.interceptor.TransactionAspectSupport.invokeWithinTransaction(TransactionAspectSupport.java:392) ~[spring-tx-6.1.6.jar:6.1.6]
	at org.springframework.transaction.interceptor.TransactionInterceptor.invoke(TransactionInterceptor.java:119) ~[spring-tx-6.1.6.jar:6.1.6]
	at org.springframework.aop.framework.ReflectiveMethodInvocation.proceed(ReflectiveMethodInvocation.java:184) ~[spring-aop-6.1.6.jar:6.1.6]
	at org.springframework.dao.support.PersistenceExceptionTranslationInterceptor.invoke(PersistenceExceptionTranslationInterceptor.java:137) ~[spring-tx-6.1.6.jar:6.1.6]
	at org.springframework.aop.framework.ReflectiveMethodInvocation.proceed(ReflectiveMethodInvocation.java:184) ~[spring-aop-6.1.6.jar:6.1.6]
	at org.springframework.data.jpa.repository.support.CrudMethodMetadataPostProcessor$CrudMethodMetadataPopulatingMethodInterceptor.invoke(CrudMethodMetadataPostProcessor.java:135) ~[spring-data-jpa-3.2.5.jar:3.2.5]
	at org.springframework.aop.framework.ReflectiveMethodInvocation.proceed(ReflectiveMethodInvocation.java:184) ~[spring-aop-6.1.6.jar:6.1.6]
	at org.springframework.aop.interceptor.ExposeInvocationInterceptor.invoke(ExposeInvocationInterceptor.java:97) ~[spring-aop-6.1.6.jar:6.1.6]
	at org.springframework.aop.framework.ReflectiveMethodInvocation.proceed(ReflectiveMethodInvocation.java:184) ~[spring-aop-6.1.6.jar:6.1.6]
	at org.springframework.aop.framework.JdkDynamicAopProxy.invoke(JdkDynamicAopProxy.java:223) ~[spring-aop-6.1.6.jar:6.1.6]
	at jdk.proxy2/jdk.proxy2.$Proxy147.findByGeneration_GenerationId(Unknown Source) ~[na:na]
	at com.unicconnect.service.ClassScheduleService.getPublished(ClassScheduleService.java:92) ~[classes/:na]
	at java.base/jdk.internal.reflect.DirectMethodHandleAccessor.invoke(DirectMethodHandleAccessor.java:103) ~[na:na]
	at java.base/java.lang.reflect.Method.invoke(Method.java:580) ~[na:na]
	at org.springframework.aop.support.AopUtils.invokeJoinpointUsingReflection(AopUtils.java:354) ~[spring-aop-6.1.6.jar:6.1.6]
	at org.springframework.aop.framework.ReflectiveMethodInvocation.invokeJoinpoint(ReflectiveMethodInvocation.java:196) ~[spring-aop-6.1.6.jar:6.1.6]
	at org.springframework.aop.framework.ReflectiveMethodInvocation.proceed(ReflectiveMethodInvocation.java:163) ~[spring-aop-6.1.6.jar:6.1.6]
	at org.springframework.aop.framework.CglibAopProxy$CglibMethodInvocation.proceed(CglibAopProxy.java:768) ~[spring-aop-6.1.6.jar:6.1.6]
	at org.springframework.transaction.interceptor.TransactionInterceptor$1.proceedWithInvocation(TransactionInterceptor.java:123) ~[spring-tx-6.1.6.jar:6.1.6]
	at org.springframework.transaction.interceptor.TransactionAspectSupport.invokeWithinTransaction(TransactionAspectSupport.java:392) ~[spring-tx-6.1.6.jar:6.1.6]
	at org.springframework.transaction.interceptor.TransactionInterceptor.invoke(TransactionInterceptor.java:119) ~[spring-tx-6.1.6.jar:6.1.6]
	at org.springframework.aop.framework.ReflectiveMethodInvocation.proceed(ReflectiveMethodInvocation.java:184) ~[spring-aop-6.1.6.jar:6.1.6]
	at org.springframework.aop.framework.CglibAopProxy$CglibMethodInvocation.proceed(CglibAopProxy.java:768) ~[spring-aop-6.1.6.jar:6.1.6]
	at org.springframework.aop.framework.CglibAopProxy$DynamicAdvisedInterceptor.intercept(CglibAopProxy.java:720) ~[spring-aop-6.1.6.jar:6.1.6]
	at com.unicconnect.service.ClassScheduleService$$SpringCGLIB$$0.getPublished(<generated>) ~[classes/:na]
	at com.unicconnect.controller.ClassScheduleController.getPublished(ClassScheduleController.java:42) ~[classes/:na]
	at java.base/jdk.internal.reflect.DirectMethodHandleAccessor.invoke(DirectMethodHandleAccessor.java:103) ~[na:na]
	at java.base/java.lang.reflect.Method.invoke(Method.java:580) ~[na:na]
	at org.springframework.web.method.support.InvocableHandlerMethod.doInvoke(InvocableHandlerMethod.java:255) ~[spring-web-6.1.6.jar:6.1.6]
	at org.springframework.web.method.support.InvocableHandlerMethod.invokeForRequest(InvocableHandlerMethod.java:188) ~[spring-web-6.1.6.jar:6.1.6]
	at org.springframework.web.servlet.mvc.method.annotation.ServletInvocableHandlerMethod.invokeAndHandle(ServletInvocableHandlerMethod.java:118) ~[spring-webmvc-6.1.6.jar:6.1.6]
	at org.springframework.web.servlet.mvc.method.annotation.RequestMappingHandlerAdapter.invokeHandlerMethod(RequestMappingHandlerAdapter.java:926) ~[spring-webmvc-6.1.6.jar:6.1.6]
	at org.springframework.web.servlet.mvc.method.annotation.RequestMappingHandlerAdapter.handleInternal(RequestMappingHandlerAdapter.java:831) ~[spring-webmvc-6.1.6.jar:6.1.6]
	at org.springframework.web.servlet.mvc.method.AbstractHandlerMethodAdapter.handle(AbstractHandlerMethodAdapter.java:87) ~[spring-webmvc-6.1.6.jar:6.1.6]
	at org.springframework.web.servlet.DispatcherServlet.doDispatch(DispatcherServlet.java:1089) ~[spring-webmvc-6.1.6.jar:6.1.6]
	at org.springframework.web.servlet.DispatcherServlet.doService(DispatcherServlet.java:979) ~[spring-webmvc-6.1.6.jar:6.1.6]
	at org.springframework.web.servlet.FrameworkServlet.processRequest(FrameworkServlet.java:1014) ~[spring-webmvc-6.1.6.jar:6.1.6]
	at org.springframework.web.servlet.FrameworkServlet.doGet(FrameworkServlet.java:903) ~[spring-webmvc-6.1.6.jar:6.1.6]
	at jakarta.servlet.http.HttpServlet.service(HttpServlet.java:564) ~[tomcat-embed-core-10.1.20.jar:6.0]
	at org.springframework.web.servlet.FrameworkServlet.service(FrameworkServlet.java:885) ~[spring-webmvc-6.1.6.jar:6.1.6]
	at jakarta.servlet.http.HttpServlet.service(HttpServlet.java:658) ~[tomcat-embed-core-10.1.20.jar:6.0]
	at org.apache.catalina.core.ApplicationFilterChain.internalDoFilter(ApplicationFilterChain.java:206) ~[tomcat-embed-core-10.1.20.jar:10.1.20]
	at org.apache.catalina.core.ApplicationFilterChain.doFilter(ApplicationFilterChain.java:150) ~[tomcat-embed-core-10.1.20.jar:10.1.20]
	at org.apache.tomcat.websocket.server.WsFilter.doFilter(WsFilter.java:51) ~[tomcat-embed-websocket-10.1.20.jar:10.1.20]
	at org.apache.catalina.core.ApplicationFilterChain.internalDoFilter(ApplicationFilterChain.java:175) ~[tomcat-embed-core-10.1.20.jar:10.1.20]
	at org.apache.catalina.core.ApplicationFilterChain.doFilter(ApplicationFilterChain.java:150) ~[tomcat-embed-core-10.1.20.jar:10.1.20]
	at org.springframework.web.filter.OncePerRequestFilter.doFilter(OncePerRequestFilter.java:110) ~[spring-web-6.1.6.jar:6.1.6]
	at org.apache.catalina.core.ApplicationFilterChain.internalDoFilter(ApplicationFilterChain.java:175) ~[tomcat-embed-core-10.1.20.jar:10.1.20]
	at org.apache.catalina.core.ApplicationFilterChain.doFilter(ApplicationFilterChain.java:150) ~[tomcat-embed-core-10.1.20.jar:10.1.20]
	at org.springframework.web.filter.CompositeFilter$VirtualFilterChain.doFilter(CompositeFilter.java:108) ~[spring-web-6.1.6.jar:6.1.6]
	at org.springframework.security.web.FilterChainProxy.lambda$doFilterInternal$3(FilterChainProxy.java:231) ~[spring-security-web-6.2.4.jar:6.2.4]
	at org.springframework.security.web.FilterChainProxy$VirtualFilterChain.doFilter(FilterChainProxy.java:365) ~[spring-security-web-6.2.4.jar:6.2.4]
	at org.springframework.security.web.access.intercept.AuthorizationFilter.doFilter(AuthorizationFilter.java:100) ~[spring-security-web-6.2.4.jar:6.2.4]
	at org.springframework.security.web.FilterChainProxy$VirtualFilterChain.doFilter(FilterChainProxy.java:374) ~[spring-security-web-6.2.4.jar:6.2.4]
	at org.springframework.security.web.access.ExceptionTranslationFilter.doFilter(ExceptionTranslationFilter.java:126) ~[spring-security-web-6.2.4.jar:6.2.4]
	at org.springframework.security.web.access.ExceptionTranslationFilter.doFilter(ExceptionTranslationFilter.java:120) ~[spring-security-web-6.2.4.jar:6.2.4]
	at org.springframework.security.web.FilterChainProxy$VirtualFilterChain.doFilter(FilterChainProxy.java:374) ~[spring-security-web-6.2.4.jar:6.2.4]
	at org.springframework.security.web.session.SessionManagementFilter.doFilter(SessionManagementFilter.java:131) ~[spring-security-web-6.2.4.jar:6.2.4]
	at org.springframework.security.web.session.SessionManagementFilter.doFilter(SessionManagementFilter.java:85) ~[spring-security-web-6.2.4.jar:6.2.4]
	at org.springframework.security.web.FilterChainProxy$VirtualFilterChain.doFilter(FilterChainProxy.java:374) ~[spring-security-web-6.2.4.jar:6.2.4]
	at org.springframework.security.web.authentication.AnonymousAuthenticationFilter.doFilter(AnonymousAuthenticationFilter.java:100) ~[spring-security-web-6.2.4.jar:6.2.4]
	at org.springframework.security.web.FilterChainProxy$VirtualFilterChain.doFilter(FilterChainProxy.java:374) ~[spring-security-web-6.2.4.jar:6.2.4]
	at org.springframework.security.web.servletapi.SecurityContextHolderAwareRequestFilter.doFilter(SecurityContextHolderAwareRequestFilter.java:179) ~[spring-security-web-6.2.4.jar:6.2.4]
	at org.springframework.security.web.FilterChainProxy$VirtualFilterChain.doFilter(FilterChainProxy.java:374) ~[spring-security-web-6.2.4.jar:6.2.4]
	at org.springframework.security.web.savedrequest.RequestCacheAwareFilter.doFilter(RequestCacheAwareFilter.java:63) ~[spring-security-web-6.2.4.jar:6.2.4]
	at org.springframework.security.web.FilterChainProxy$VirtualFilterChain.doFilter(FilterChainProxy.java:374) ~[spring-security-web-6.2.4.jar:6.2.4]
	at com.unicconnect.security.JwtAuthenticationFilter.doFilterInternal(JwtAuthenticationFilter.java:49) ~[classes/:na]
	at org.springframework.web.filter.OncePerRequestFilter.doFilter(OncePerRequestFilter.java:116) ~[spring-web-6.1.6.jar:6.1.6]
	at org.springframework.security.web.FilterChainProxy$VirtualFilterChain.doFilter(FilterChainProxy.java:374) ~[spring-security-web-6.2.4.jar:6.2.4]
	at org.springframework.security.web.authentication.logout.LogoutFilter.doFilter(LogoutFilter.java:107) ~[spring-security-web-6.2.4.jar:6.2.4]
	at org.springframework.security.web.authentication.logout.LogoutFilter.doFilter(LogoutFilter.java:93) ~[spring-security-web-6.2.4.jar:6.2.4]
	at org.springframework.security.web.FilterChainProxy$VirtualFilterChain.doFilter(FilterChainProxy.java:374) ~[spring-security-web-6.2.4.jar:6.2.4]
	at org.springframework.web.filter.CorsFilter.doFilterInternal(CorsFilter.java:91) ~[spring-web-6.1.6.jar:6.1.6]
	at org.springframework.web.filter.OncePerRequestFilter.doFilter(OncePerRequestFilter.java:116) ~[spring-web-6.1.6.jar:6.1.6]
	at org.springframework.security.web.FilterChainProxy$VirtualFilterChain.doFilter(FilterChainProxy.java:374) ~[spring-security-web-6.2.4.jar:6.2.4]
	at org.springframework.security.web.header.HeaderWriterFilter.doHeadersAfter(HeaderWriterFilter.java:90) ~[spring-security-web-6.2.4.jar:6.2.4]
	at org.springframework.security.web.header.HeaderWriterFilter.doFilterInternal(HeaderWriterFilter.java:75) ~[spring-security-web-6.2.4.jar:6.2.4]
	at org.springframework.web.filter.OncePerRequestFilter.doFilter(OncePerRequestFilter.java:116) ~[spring-web-6.1.6.jar:6.1.6]
	at org.springframework.security.web.FilterChainProxy$VirtualFilterChain.doFilter(FilterChainProxy.java:374) ~[spring-security-web-6.2.4.jar:6.2.4]
	at org.springframework.security.web.context.SecurityContextHolderFilter.doFilter(SecurityContextHolderFilter.java:82) ~[spring-security-web-6.2.4.jar:6.2.4]
	at org.springframework.security.web.context.SecurityContextHolderFilter.doFilter(SecurityContextHolderFilter.java:69) ~[spring-security-web-6.2.4.jar:6.2.4]
	at org.springframework.security.web.FilterChainProxy$VirtualFilterChain.doFilter(FilterChainProxy.java:374) ~[spring-security-web-6.2.4.jar:6.2.4]
	at org.springframework.security.web.context.request.async.WebAsyncManagerIntegrationFilter.doFilterInternal(WebAsyncManagerIntegrationFilter.java:62) ~[spring-security-web-6.2.4.jar:6.2.4]
	at org.springframework.web.filter.OncePerRequestFilter.doFilter(OncePerRequestFilter.java:116) ~[spring-web-6.1.6.jar:6.1.6]
	at org.springframework.security.web.FilterChainProxy$VirtualFilterChain.doFilter(FilterChainProxy.java:374) ~[spring-security-web-6.2.4.jar:6.2.4]
	at org.springframework.security.web.session.DisableEncodeUrlFilter.doFilterInternal(DisableEncodeUrlFilter.java:42) ~[spring-security-web-6.2.4.jar:6.2.4]
	at org.springframework.web.filter.OncePerRequestFilter.doFilter(OncePerRequestFilter.java:116) ~[spring-web-6.1.6.jar:6.1.6]
	at org.springframework.security.web.FilterChainProxy$VirtualFilterChain.doFilter(FilterChainProxy.java:374) ~[spring-security-web-6.2.4.jar:6.2.4]
	at org.springframework.security.web.FilterChainProxy.doFilterInternal(FilterChainProxy.java:233) ~[spring-security-web-6.2.4.jar:6.2.4]
	at org.springframework.security.web.FilterChainProxy.doFilter(FilterChainProxy.java:191) ~[spring-security-web-6.2.4.jar:6.2.4]
	at org.springframework.web.filter.CompositeFilter$VirtualFilterChain.doFilter(CompositeFilter.java:113) ~[spring-web-6.1.6.jar:6.1.6]
	at org.springframework.web.servlet.handler.HandlerMappingIntrospector.lambda$createCacheFilter$3(HandlerMappingIntrospector.java:195) ~[spring-webmvc-6.1.6.jar:6.1.6]
	at org.springframework.web.filter.CompositeFilter$VirtualFilterChain.doFilter(CompositeFilter.java:113) ~[spring-web-6.1.6.jar:6.1.6]
	at org.springframework.web.filter.CompositeFilter.doFilter(CompositeFilter.java:74) ~[spring-web-6.1.6.jar:6.1.6]
	at org.springframework.security.config.annotation.web.configuration.WebMvcSecurityConfiguration$CompositeFilterChainProxy.doFilter(WebMvcSecurityConfiguration.java:230) ~[spring-security-config-6.2.4.jar:6.2.4]
	at org.springframework.web.filter.DelegatingFilterProxy.invokeDelegate(DelegatingFilterProxy.java:352) ~[spring-web-6.1.6.jar:6.1.6]
	at org.springframework.web.filter.DelegatingFilterProxy.doFilter(DelegatingFilterProxy.java:268) ~[spring-web-6.1.6.jar:6.1.6]
	at org.apache.catalina.core.ApplicationFilterChain.internalDoFilter(ApplicationFilterChain.java:175) ~[tomcat-embed-core-10.1.20.jar:10.1.20]
	at org.apache.catalina.core.ApplicationFilterChain.doFilter(ApplicationFilterChain.java:150) ~[tomcat-embed-core-10.1.20.jar:10.1.20]
	at org.springframework.web.filter.RequestContextFilter.doFilterInternal(RequestContextFilter.java:100) ~[spring-web-6.1.6.jar:6.1.6]
	at org.springframework.web.filter.OncePerRequestFilter.doFilter(OncePerRequestFilter.java:116) ~[spring-web-6.1.6.jar:6.1.6]
	at org.apache.catalina.core.ApplicationFilterChain.internalDoFilter(ApplicationFilterChain.java:175) ~[tomcat-embed-core-10.1.20.jar:10.1.20]
	at org.apache.catalina.core.ApplicationFilterChain.doFilter(ApplicationFilterChain.java:150) ~[tomcat-embed-core-10.1.20.jar:10.1.20]
	at org.springframework.web.filter.FormContentFilter.doFilterInternal(FormContentFilter.java:93) ~[spring-web-6.1.6.jar:6.1.6]
	at org.springframework.web.filter.OncePerRequestFilter.doFilter(OncePerRequestFilter.java:116) ~[spring-web-6.1.6.jar:6.1.6]
	at org.apache.catalina.core.ApplicationFilterChain.internalDoFilter(ApplicationFilterChain.java:175) ~[tomcat-embed-core-10.1.20.jar:10.1.20]
	at org.apache.catalina.core.ApplicationFilterChain.doFilter(ApplicationFilterChain.java:150) ~[tomcat-embed-core-10.1.20.jar:10.1.20]
	at org.springframework.web.filter.CharacterEncodingFilter.doFilterInternal(CharacterEncodingFilter.java:201) ~[spring-web-6.1.6.jar:6.1.6]
	at org.springframework.web.filter.OncePerRequestFilter.doFilter(OncePerRequestFilter.java:116) ~[spring-web-6.1.6.jar:6.1.6]
	at org.apache.catalina.core.ApplicationFilterChain.internalDoFilter(ApplicationFilterChain.java:175) ~[tomcat-embed-core-10.1.20.jar:10.1.20]
	at org.apache.catalina.core.ApplicationFilterChain.doFilter(ApplicationFilterChain.java:150) ~[tomcat-embed-core-10.1.20.jar:10.1.20]
	at org.apache.catalina.core.StandardWrapperValve.invoke(StandardWrapperValve.java:167) ~[tomcat-embed-core-10.1.20.jar:10.1.20]
	at org.apache.catalina.core.StandardContextValve.invoke(StandardContextValve.java:90) ~[tomcat-embed-core-10.1.20.jar:10.1.20]
	at org.apache.catalina.authenticator.AuthenticatorBase.invoke(AuthenticatorBase.java:482) ~[tomcat-embed-core-10.1.20.jar:10.1.20]
	at org.apache.catalina.core.StandardHostValve.invoke(StandardHostValve.java:115) ~[tomcat-embed-core-10.1.20.jar:10.1.20]
	at org.apache.catalina.valves.ErrorReportValve.invoke(ErrorReportValve.java:93) ~[tomcat-embed-core-10.1.20.jar:10.1.20]
	at org.apache.catalina.core.StandardEngineValve.invoke(StandardEngineValve.java:74) ~[tomcat-embed-core-10.1.20.jar:10.1.20]
	at org.apache.catalina.connector.CoyoteAdapter.service(CoyoteAdapter.java:344) ~[tomcat-embed-core-10.1.20.jar:10.1.20]
	at org.apache.coyote.http11.Http11Processor.service(Http11Processor.java:391) ~[tomcat-embed-core-10.1.20.jar:10.1.20]
	at org.apache.coyote.AbstractProcessorLight.process(AbstractProcessorLight.java:63) ~[tomcat-embed-core-10.1.20.jar:10.1.20]
	at org.apache.coyote.AbstractProtocol$ConnectionHandler.process(AbstractProtocol.java:896) ~[tomcat-embed-core-10.1.20.jar:10.1.20]
	at org.apache.tomcat.util.net.NioEndpoint$SocketProcessor.doRun(NioEndpoint.java:1736) ~[tomcat-embed-core-10.1.20.jar:10.1.20]
	at org.apache.tomcat.util.net.SocketProcessorBase.run(SocketProcessorBase.java:52) ~[tomcat-embed-core-10.1.20.jar:10.1.20]
	at org.apache.tomcat.util.threads.ThreadPoolExecutor.runWorker(ThreadPoolExecutor.java:1191) ~[tomcat-embed-core-10.1.20.jar:10.1.20]
	at org.apache.tomcat.util.threads.ThreadPoolExecutor$Worker.run(ThreadPoolExecutor.java:659) ~[tomcat-embed-core-10.1.20.jar:10.1.20]
	at org.apache.tomcat.util.threads.TaskThread$WrappingRunnable.run(TaskThread.java:63) ~[tomcat-embed-core-10.1.20.jar:10.1.20]
	at java.base/java.lang.Thread.run(Thread.java:1583) ~[na:na]
Caused by: java.net.SocketException: Connection reset
	at java.base/sun.nio.ch.NioSocketImpl.implRead(NioSocketImpl.java:318) ~[na:na]
	at java.base/sun.nio.ch.NioSocketImpl.read(NioSocketImpl.java:346) ~[na:na]
	at java.base/sun.nio.ch.NioSocketImpl$1.read(NioSocketImpl.java:796) ~[na:na]
	at java.base/java.net.Socket$SocketInputStream.read(Socket.java:1099) ~[na:na]
	at java.base/sun.security.ssl.SSLSocketInputRecord.read(SSLSocketInputRecord.java:489) ~[na:na]
	at java.base/sun.security.ssl.SSLSocketInputRecord.readHeader(SSLSocketInputRecord.java:483) ~[na:na]
	at java.base/sun.security.ssl.SSLSocketInputRecord.bytesInCompletePacket(SSLSocketInputRecord.java:70) ~[na:na]
	at java.base/sun.security.ssl.SSLSocketImpl.readApplicationRecord(SSLSocketImpl.java:1460) ~[na:na]
	at java.base/sun.security.ssl.SSLSocketImpl$AppInputStream.read(SSLSocketImpl.java:1066) ~[na:na]
	at org.postgresql.core.VisibleBufferedInputStream.readMore(VisibleBufferedInputStream.java:161) ~[postgresql-42.6.2.jar:42.6.2]
	at org.postgresql.core.VisibleBufferedInputStream.ensureBytes(VisibleBufferedInputStream.java:128) ~[postgresql-42.6.2.jar:42.6.2]
	at org.postgresql.core.VisibleBufferedInputStream.ensureBytes(VisibleBufferedInputStream.java:113) ~[postgresql-42.6.2.jar:42.6.2]
	at org.postgresql.core.VisibleBufferedInputStream.read(VisibleBufferedInputStream.java:73) ~[postgresql-42.6.2.jar:42.6.2]
	at org.postgresql.core.PGStream.receiveChar(PGStream.java:465) ~[postgresql-42.6.2.jar:42.6.2]
	at org.postgresql.core.v3.QueryExecutorImpl.processResults(QueryExecutorImpl.java:2155) ~[postgresql-42.6.2.jar:42.6.2]
	at org.postgresql.core.v3.QueryExecutorImpl.execute(QueryExecutorImpl.java:368) ~[postgresql-42.6.2.jar:42.6.2]
	... 163 common frames omitted

2026-08-20T02:23:22.808+06:30  WARN 24284 --- [nio-8080-exec-6] o.h.engine.jdbc.spi.SqlExceptionHelper   : SQL Error: 0, SQLState: 08006
2026-08-20T02:23:22.810+06:30 ERROR 24284 --- [nio-8080-exec-6] o.h.engine.jdbc.spi.SqlExceptionHelper   : An I/O error occurred while sending to the backend.
2026-08-20T02:23:22.939+06:30  WARN 24284 --- [nio-8080-exec-3] c.u.exception.GlobalExceptionHandler     : Data access failure on /api/terms: Hibernate transaction: Unable to commit against JDBC Connection; An I/O error occurred while sending to the backend.
2026-08-20T02:23:23.088+06:30 ERROR 24284 --- [nio-8080-exec-6] o.s.t.i.TransactionInterceptor           : Application exception overridden by rollback exception

org.springframework.dao.DataAccessResourceFailureException: JDBC exception executing SQL [select cs1_0.schedule_id,cs1_0.created_at,cs1_0.day_of_week,cs1_0.end_slot_id,cs1_0.generation_id,cs1_0.schedule_status,cs1_0.schedule_type,cs1_0.start_slot_id,cs1_0.teaching_assignment_id,cs1_0.teaching_group_id from class_schedules cs1_0 join generation_sessions g1_0 on g1_0.generation_id=cs1_0.generation_id where g1_0.generation_id=?] [An I/O error occurred while sending to the backend.] [n/a]
	at org.springframework.orm.jpa.vendor.HibernateJpaDialect.convertHibernateAccessException(HibernateJpaDialect.java:274) ~[spring-orm-6.1.6.jar:6.1.6]
	at org.springframework.orm.jpa.vendor.HibernateJpaDialect.translateExceptionIfPossible(HibernateJpaDialect.java:241) ~[spring-orm-6.1.6.jar:6.1.6]
	at org.springframework.orm.jpa.AbstractEntityManagerFactoryBean.translateExceptionIfPossible(AbstractEntityManagerFactoryBean.java:550) ~[spring-orm-6.1.6.jar:6.1.6]
	at org.springframework.dao.support.ChainedPersistenceExceptionTranslator.translateExceptionIfPossible(ChainedPersistenceExceptionTranslator.java:61) ~[spring-tx-6.1.6.jar:6.1.6]
	at org.springframework.dao.support.DataAccessUtils.translateIfNecessary(DataAccessUtils.java:335) ~[spring-tx-6.1.6.jar:6.1.6]
	at org.springframework.dao.support.PersistenceExceptionTranslationInterceptor.invoke(PersistenceExceptionTranslationInterceptor.java:152) ~[spring-tx-6.1.6.jar:6.1.6]
	at org.springframework.aop.framework.ReflectiveMethodInvocation.proceed(ReflectiveMethodInvocation.java:184) ~[spring-aop-6.1.6.jar:6.1.6]
	at org.springframework.data.jpa.repository.support.CrudMethodMetadataPostProcessor$CrudMethodMetadataPopulatingMethodInterceptor.invoke(CrudMethodMetadataPostProcessor.java:135) ~[spring-data-jpa-3.2.5.jar:3.2.5]
	at org.springframework.aop.framework.ReflectiveMethodInvocation.proceed(ReflectiveMethodInvocation.java:184) ~[spring-aop-6.1.6.jar:6.1.6]
	at org.springframework.aop.interceptor.ExposeInvocationInterceptor.invoke(ExposeInvocationInterceptor.java:97) ~[spring-aop-6.1.6.jar:6.1.6]
	at org.springframework.aop.framework.ReflectiveMethodInvocation.proceed(ReflectiveMethodInvocation.java:184) ~[spring-aop-6.1.6.jar:6.1.6]
	at org.springframework.aop.framework.JdkDynamicAopProxy.invoke(JdkDynamicAopProxy.java:223) ~[spring-aop-6.1.6.jar:6.1.6]
	at jdk.proxy2/jdk.proxy2.$Proxy147.findByGeneration_GenerationId(Unknown Source) ~[na:na]
	at com.unicconnect.service.ClassScheduleService.getPublished(ClassScheduleService.java:92) ~[classes/:na]
	at java.base/jdk.internal.reflect.DirectMethodHandleAccessor.invoke(DirectMethodHandleAccessor.java:103) ~[na:na]
	at java.base/java.lang.reflect.Method.invoke(Method.java:580) ~[na:na]
	at org.springframework.aop.support.AopUtils.invokeJoinpointUsingReflection(AopUtils.java:354) ~[spring-aop-6.1.6.jar:6.1.6]
	at org.springframework.aop.framework.ReflectiveMethodInvocation.invokeJoinpoint(ReflectiveMethodInvocation.java:196) ~[spring-aop-6.1.6.jar:6.1.6]
	at org.springframework.aop.framework.ReflectiveMethodInvocation.proceed(ReflectiveMethodInvocation.java:163) ~[spring-aop-6.1.6.jar:6.1.6]
	at org.springframework.aop.framework.CglibAopProxy$CglibMethodInvocation.proceed(CglibAopProxy.java:768) ~[spring-aop-6.1.6.jar:6.1.6]
	at org.springframework.transaction.interceptor.TransactionInterceptor$1.proceedWithInvocation(TransactionInterceptor.java:123) ~[spring-tx-6.1.6.jar:6.1.6]
	at org.springframework.transaction.interceptor.TransactionAspectSupport.invokeWithinTransaction(TransactionAspectSupport.java:392) ~[spring-tx-6.1.6.jar:6.1.6]
	at org.springframework.transaction.interceptor.TransactionInterceptor.invoke(TransactionInterceptor.java:119) ~[spring-tx-6.1.6.jar:6.1.6]
	at org.springframework.aop.framework.ReflectiveMethodInvocation.proceed(ReflectiveMethodInvocation.java:184) ~[spring-aop-6.1.6.jar:6.1.6]
	at org.springframework.aop.framework.CglibAopProxy$CglibMethodInvocation.proceed(CglibAopProxy.java:768) ~[spring-aop-6.1.6.jar:6.1.6]
	at org.springframework.aop.framework.CglibAopProxy$DynamicAdvisedInterceptor.intercept(CglibAopProxy.java:720) ~[spring-aop-6.1.6.jar:6.1.6]
	at com.unicconnect.service.ClassScheduleService$$SpringCGLIB$$0.getPublished(<generated>) ~[classes/:na]
	at com.unicconnect.controller.ClassScheduleController.getPublished(ClassScheduleController.java:42) ~[classes/:na]
	at java.base/jdk.internal.reflect.DirectMethodHandleAccessor.invoke(DirectMethodHandleAccessor.java:103) ~[na:na]
	at java.base/java.lang.reflect.Method.invoke(Method.java:580) ~[na:na]
	at org.springframework.web.method.support.InvocableHandlerMethod.doInvoke(InvocableHandlerMethod.java:255) ~[spring-web-6.1.6.jar:6.1.6]
	at org.springframework.web.method.support.InvocableHandlerMethod.invokeForRequest(InvocableHandlerMethod.java:188) ~[spring-web-6.1.6.jar:6.1.6]
	at org.springframework.web.servlet.mvc.method.annotation.ServletInvocableHandlerMethod.invokeAndHandle(ServletInvocableHandlerMethod.java:118) ~[spring-webmvc-6.1.6.jar:6.1.6]
	at org.springframework.web.servlet.mvc.method.annotation.RequestMappingHandlerAdapter.invokeHandlerMethod(RequestMappingHandlerAdapter.java:926) ~[spring-webmvc-6.1.6.jar:6.1.6]
	at org.springframework.web.servlet.mvc.method.annotation.RequestMappingHandlerAdapter.handleInternal(RequestMappingHandlerAdapter.java:831) ~[spring-webmvc-6.1.6.jar:6.1.6]
	at org.springframework.web.servlet.mvc.method.AbstractHandlerMethodAdapter.handle(AbstractHandlerMethodAdapter.java:87) ~[spring-webmvc-6.1.6.jar:6.1.6]
	at org.springframework.web.servlet.DispatcherServlet.doDispatch(DispatcherServlet.java:1089) ~[spring-webmvc-6.1.6.jar:6.1.6]
	at org.springframework.web.servlet.DispatcherServlet.doService(DispatcherServlet.java:979) ~[spring-webmvc-6.1.6.jar:6.1.6]
	at org.springframework.web.servlet.FrameworkServlet.processRequest(FrameworkServlet.java:1014) ~[spring-webmvc-6.1.6.jar:6.1.6]
	at org.springframework.web.servlet.FrameworkServlet.doGet(FrameworkServlet.java:903) ~[spring-webmvc-6.1.6.jar:6.1.6]
	at jakarta.servlet.http.HttpServlet.service(HttpServlet.java:564) ~[tomcat-embed-core-10.1.20.jar:6.0]
	at org.springframework.web.servlet.FrameworkServlet.service(FrameworkServlet.java:885) ~[spring-webmvc-6.1.6.jar:6.1.6]
	at jakarta.servlet.http.HttpServlet.service(HttpServlet.java:658) ~[tomcat-embed-core-10.1.20.jar:6.0]
	at org.apache.catalina.core.ApplicationFilterChain.internalDoFilter(ApplicationFilterChain.java:206) ~[tomcat-embed-core-10.1.20.jar:10.1.20]
	at org.apache.catalina.core.ApplicationFilterChain.doFilter(ApplicationFilterChain.java:150) ~[tomcat-embed-core-10.1.20.jar:10.1.20]
	at org.apache.tomcat.websocket.server.WsFilter.doFilter(WsFilter.java:51) ~[tomcat-embed-websocket-10.1.20.jar:10.1.20]
	at org.apache.catalina.core.ApplicationFilterChain.internalDoFilter(ApplicationFilterChain.java:175) ~[tomcat-embed-core-10.1.20.jar:10.1.20]
	at org.apache.catalina.core.ApplicationFilterChain.doFilter(ApplicationFilterChain.java:150) ~[tomcat-embed-core-10.1.20.jar:10.1.20]
	at org.springframework.web.filter.OncePerRequestFilter.doFilter(OncePerRequestFilter.java:110) ~[spring-web-6.1.6.jar:6.1.6]
	at org.apache.catalina.core.ApplicationFilterChain.internalDoFilter(ApplicationFilterChain.java:175) ~[tomcat-embed-core-10.1.20.jar:10.1.20]
	at org.apache.catalina.core.ApplicationFilterChain.doFilter(ApplicationFilterChain.java:150) ~[tomcat-embed-core-10.1.20.jar:10.1.20]
	at org.springframework.web.filter.CompositeFilter$VirtualFilterChain.doFilter(CompositeFilter.java:108) ~[spring-web-6.1.6.jar:6.1.6]
	at org.springframework.security.web.FilterChainProxy.lambda$doFilterInternal$3(FilterChainProxy.java:231) ~[spring-security-web-6.2.4.jar:6.2.4]
	at org.springframework.security.web.FilterChainProxy$VirtualFilterChain.doFilter(FilterChainProxy.java:365) ~[spring-security-web-6.2.4.jar:6.2.4]
	at org.springframework.security.web.access.intercept.AuthorizationFilter.doFilter(AuthorizationFilter.java:100) ~[spring-security-web-6.2.4.jar:6.2.4]
	at org.springframework.security.web.FilterChainProxy$VirtualFilterChain.doFilter(FilterChainProxy.java:374) ~[spring-security-web-6.2.4.jar:6.2.4]
	at org.springframework.security.web.access.ExceptionTranslationFilter.doFilter(ExceptionTranslationFilter.java:126) ~[spring-security-web-6.2.4.jar:6.2.4]
	at org.springframework.security.web.access.ExceptionTranslationFilter.doFilter(ExceptionTranslationFilter.java:120) ~[spring-security-web-6.2.4.jar:6.2.4]
	at org.springframework.security.web.FilterChainProxy$VirtualFilterChain.doFilter(FilterChainProxy.java:374) ~[spring-security-web-6.2.4.jar:6.2.4]
	at org.springframework.security.web.session.SessionManagementFilter.doFilter(SessionManagementFilter.java:131) ~[spring-security-web-6.2.4.jar:6.2.4]
	at org.springframework.security.web.session.SessionManagementFilter.doFilter(SessionManagementFilter.java:85) ~[spring-security-web-6.2.4.jar:6.2.4]
	at org.springframework.security.web.FilterChainProxy$VirtualFilterChain.doFilter(FilterChainProxy.java:374) ~[spring-security-web-6.2.4.jar:6.2.4]
	at org.springframework.security.web.authentication.AnonymousAuthenticationFilter.doFilter(AnonymousAuthenticationFilter.java:100) ~[spring-security-web-6.2.4.jar:6.2.4]
	at org.springframework.security.web.FilterChainProxy$VirtualFilterChain.doFilter(FilterChainProxy.java:374) ~[spring-security-web-6.2.4.jar:6.2.4]
	at org.springframework.security.web.servletapi.SecurityContextHolderAwareRequestFilter.doFilter(SecurityContextHolderAwareRequestFilter.java:179) ~[spring-security-web-6.2.4.jar:6.2.4]
	at org.springframework.security.web.FilterChainProxy$VirtualFilterChain.doFilter(FilterChainProxy.java:374) ~[spring-security-web-6.2.4.jar:6.2.4]
	at org.springframework.security.web.savedrequest.RequestCacheAwareFilter.doFilter(RequestCacheAwareFilter.java:63) ~[spring-security-web-6.2.4.jar:6.2.4]
	at org.springframework.security.web.FilterChainProxy$VirtualFilterChain.doFilter(FilterChainProxy.java:374) ~[spring-security-web-6.2.4.jar:6.2.4]
	at com.unicconnect.security.JwtAuthenticationFilter.doFilterInternal(JwtAuthenticationFilter.java:49) ~[classes/:na]
	at org.springframework.web.filter.OncePerRequestFilter.doFilter(OncePerRequestFilter.java:116) ~[spring-web-6.1.6.jar:6.1.6]
	at org.springframework.security.web.FilterChainProxy$VirtualFilterChain.doFilter(FilterChainProxy.java:374) ~[spring-security-web-6.2.4.jar:6.2.4]
	at org.springframework.security.web.authentication.logout.LogoutFilter.doFilter(LogoutFilter.java:107) ~[spring-security-web-6.2.4.jar:6.2.4]
	at org.springframework.security.web.authentication.logout.LogoutFilter.doFilter(LogoutFilter.java:93) ~[spring-security-web-6.2.4.jar:6.2.4]
	at org.springframework.security.web.FilterChainProxy$VirtualFilterChain.doFilter(FilterChainProxy.java:374) ~[spring-security-web-6.2.4.jar:6.2.4]
	at org.springframework.web.filter.CorsFilter.doFilterInternal(CorsFilter.java:91) ~[spring-web-6.1.6.jar:6.1.6]
	at org.springframework.web.filter.OncePerRequestFilter.doFilter(OncePerRequestFilter.java:116) ~[spring-web-6.1.6.jar:6.1.6]
	at org.springframework.security.web.FilterChainProxy$VirtualFilterChain.doFilter(FilterChainProxy.java:374) ~[spring-security-web-6.2.4.jar:6.2.4]
	at org.springframework.security.web.header.HeaderWriterFilter.doHeadersAfter(HeaderWriterFilter.java:90) ~[spring-security-web-6.2.4.jar:6.2.4]
	at org.springframework.security.web.header.HeaderWriterFilter.doFilterInternal(HeaderWriterFilter.java:75) ~[spring-security-web-6.2.4.jar:6.2.4]
	at org.springframework.web.filter.OncePerRequestFilter.doFilter(OncePerRequestFilter.java:116) ~[spring-web-6.1.6.jar:6.1.6]
	at org.springframework.security.web.FilterChainProxy$VirtualFilterChain.doFilter(FilterChainProxy.java:374) ~[spring-security-web-6.2.4.jar:6.2.4]
	at org.springframework.security.web.context.SecurityContextHolderFilter.doFilter(SecurityContextHolderFilter.java:82) ~[spring-security-web-6.2.4.jar:6.2.4]
	at org.springframework.security.web.context.SecurityContextHolderFilter.doFilter(SecurityContextHolderFilter.java:69) ~[spring-security-web-6.2.4.jar:6.2.4]
	at org.springframework.security.web.FilterChainProxy$VirtualFilterChain.doFilter(FilterChainProxy.java:374) ~[spring-security-web-6.2.4.jar:6.2.4]
	at org.springframework.security.web.context.request.async.WebAsyncManagerIntegrationFilter.doFilterInternal(WebAsyncManagerIntegrationFilter.java:62) ~[spring-security-web-6.2.4.jar:6.2.4]
	at org.springframework.web.filter.OncePerRequestFilter.doFilter(OncePerRequestFilter.java:116) ~[spring-web-6.1.6.jar:6.1.6]
	at org.springframework.security.web.FilterChainProxy$VirtualFilterChain.doFilter(FilterChainProxy.java:374) ~[spring-security-web-6.2.4.jar:6.2.4]
	at org.springframework.security.web.session.DisableEncodeUrlFilter.doFilterInternal(DisableEncodeUrlFilter.java:42) ~[spring-security-web-6.2.4.jar:6.2.4]
	at org.springframework.web.filter.OncePerRequestFilter.doFilter(OncePerRequestFilter.java:116) ~[spring-web-6.1.6.jar:6.1.6]
	at org.springframework.security.web.FilterChainProxy$VirtualFilterChain.doFilter(FilterChainProxy.java:374) ~[spring-security-web-6.2.4.jar:6.2.4]
	at org.springframework.security.web.FilterChainProxy.doFilterInternal(FilterChainProxy.java:233) ~[spring-security-web-6.2.4.jar:6.2.4]
	at org.springframework.security.web.FilterChainProxy.doFilter(FilterChainProxy.java:191) ~[spring-security-web-6.2.4.jar:6.2.4]
	at org.springframework.web.filter.CompositeFilter$VirtualFilterChain.doFilter(CompositeFilter.java:113) ~[spring-web-6.1.6.jar:6.1.6]
	at org.springframework.web.servlet.handler.HandlerMappingIntrospector.lambda$createCacheFilter$3(HandlerMappingIntrospector.java:195) ~[spring-webmvc-6.1.6.jar:6.1.6]
	at org.springframework.web.filter.CompositeFilter$VirtualFilterChain.doFilter(CompositeFilter.java:113) ~[spring-web-6.1.6.jar:6.1.6]
	at org.springframework.web.filter.CompositeFilter.doFilter(CompositeFilter.java:74) ~[spring-web-6.1.6.jar:6.1.6]
	at org.springframework.security.config.annotation.web.configuration.WebMvcSecurityConfiguration$CompositeFilterChainProxy.doFilter(WebMvcSecurityConfiguration.java:230) ~[spring-security-config-6.2.4.jar:6.2.4]
	at org.springframework.web.filter.DelegatingFilterProxy.invokeDelegate(DelegatingFilterProxy.java:352) ~[spring-web-6.1.6.jar:6.1.6]
	at org.springframework.web.filter.DelegatingFilterProxy.doFilter(DelegatingFilterProxy.java:268) ~[spring-web-6.1.6.jar:6.1.6]
	at org.apache.catalina.core.ApplicationFilterChain.internalDoFilter(ApplicationFilterChain.java:175) ~[tomcat-embed-core-10.1.20.jar:10.1.20]
	at org.apache.catalina.core.ApplicationFilterChain.doFilter(ApplicationFilterChain.java:150) ~[tomcat-embed-core-10.1.20.jar:10.1.20]
	at org.springframework.web.filter.RequestContextFilter.doFilterInternal(RequestContextFilter.java:100) ~[spring-web-6.1.6.jar:6.1.6]
	at org.springframework.web.filter.OncePerRequestFilter.doFilter(OncePerRequestFilter.java:116) ~[spring-web-6.1.6.jar:6.1.6]
	at org.apache.catalina.core.ApplicationFilterChain.internalDoFilter(ApplicationFilterChain.java:175) ~[tomcat-embed-core-10.1.20.jar:10.1.20]
	at org.apache.catalina.core.ApplicationFilterChain.doFilter(ApplicationFilterChain.java:150) ~[tomcat-embed-core-10.1.20.jar:10.1.20]
	at org.springframework.web.filter.FormContentFilter.doFilterInternal(FormContentFilter.java:93) ~[spring-web-6.1.6.jar:6.1.6]
	at org.springframework.web.filter.OncePerRequestFilter.doFilter(OncePerRequestFilter.java:116) ~[spring-web-6.1.6.jar:6.1.6]
	at org.apache.catalina.core.ApplicationFilterChain.internalDoFilter(ApplicationFilterChain.java:175) ~[tomcat-embed-core-10.1.20.jar:10.1.20]
	at org.apache.catalina.core.ApplicationFilterChain.doFilter(ApplicationFilterChain.java:150) ~[tomcat-embed-core-10.1.20.jar:10.1.20]
	at org.springframework.web.filter.CharacterEncodingFilter.doFilterInternal(CharacterEncodingFilter.java:201) ~[spring-web-6.1.6.jar:6.1.6]
	at org.springframework.web.filter.OncePerRequestFilter.doFilter(OncePerRequestFilter.java:116) ~[spring-web-6.1.6.jar:6.1.6]
	at org.apache.catalina.core.ApplicationFilterChain.internalDoFilter(ApplicationFilterChain.java:175) ~[tomcat-embed-core-10.1.20.jar:10.1.20]
	at org.apache.catalina.core.ApplicationFilterChain.doFilter(ApplicationFilterChain.java:150) ~[tomcat-embed-core-10.1.20.jar:10.1.20]
	at org.apache.catalina.core.StandardWrapperValve.invoke(StandardWrapperValve.java:167) ~[tomcat-embed-core-10.1.20.jar:10.1.20]
	at org.apache.catalina.core.StandardContextValve.invoke(StandardContextValve.java:90) ~[tomcat-embed-core-10.1.20.jar:10.1.20]
	at org.apache.catalina.authenticator.AuthenticatorBase.invoke(AuthenticatorBase.java:482) ~[tomcat-embed-core-10.1.20.jar:10.1.20]
	at org.apache.catalina.core.StandardHostValve.invoke(StandardHostValve.java:115) ~[tomcat-embed-core-10.1.20.jar:10.1.20]
	at org.apache.catalina.valves.ErrorReportValve.invoke(ErrorReportValve.java:93) ~[tomcat-embed-core-10.1.20.jar:10.1.20]
	at org.apache.catalina.core.StandardEngineValve.invoke(StandardEngineValve.java:74) ~[tomcat-embed-core-10.1.20.jar:10.1.20]
	at org.apache.catalina.connector.CoyoteAdapter.service(CoyoteAdapter.java:344) ~[tomcat-embed-core-10.1.20.jar:10.1.20]
	at org.apache.coyote.http11.Http11Processor.service(Http11Processor.java:391) ~[tomcat-embed-core-10.1.20.jar:10.1.20]
	at org.apache.coyote.AbstractProcessorLight.process(AbstractProcessorLight.java:63) ~[tomcat-embed-core-10.1.20.jar:10.1.20]
	at org.apache.coyote.AbstractProtocol$ConnectionHandler.process(AbstractProtocol.java:896) ~[tomcat-embed-core-10.1.20.jar:10.1.20]
	at org.apache.tomcat.util.net.NioEndpoint$SocketProcessor.doRun(NioEndpoint.java:1736) ~[tomcat-embed-core-10.1.20.jar:10.1.20]
	at org.apache.tomcat.util.net.SocketProcessorBase.run(SocketProcessorBase.java:52) ~[tomcat-embed-core-10.1.20.jar:10.1.20]
	at org.apache.tomcat.util.threads.ThreadPoolExecutor.runWorker(ThreadPoolExecutor.java:1191) ~[tomcat-embed-core-10.1.20.jar:10.1.20]
	at org.apache.tomcat.util.threads.ThreadPoolExecutor$Worker.run(ThreadPoolExecutor.java:659) ~[tomcat-embed-core-10.1.20.jar:10.1.20]
	at org.apache.tomcat.util.threads.TaskThread$WrappingRunnable.run(TaskThread.java:63) ~[tomcat-embed-core-10.1.20.jar:10.1.20]
	at java.base/java.lang.Thread.run(Thread.java:1583) ~[na:na]
Caused by: org.hibernate.exception.JDBCConnectionException: JDBC exception executing SQL [select cs1_0.schedule_id,cs1_0.created_at,cs1_0.day_of_week,cs1_0.end_slot_id,cs1_0.generation_id,cs1_0.schedule_status,cs1_0.schedule_type,cs1_0.start_slot_id,cs1_0.teaching_assignment_id,cs1_0.teaching_group_id from class_schedules cs1_0 join generation_sessions g1_0 on g1_0.generation_id=cs1_0.generation_id where g1_0.generation_id=?] [An I/O error occurred while sending to the backend.] [n/a]
	at org.hibernate.exception.internal.SQLStateConversionDelegate.convert(SQLStateConversionDelegate.java:100) ~[hibernate-core-6.4.4.Final.jar:6.4.4.Final]
	at org.hibernate.exception.internal.StandardSQLExceptionConverter.convert(StandardSQLExceptionConverter.java:58) ~[hibernate-core-6.4.4.Final.jar:6.4.4.Final]
	at org.hibernate.engine.jdbc.spi.SqlExceptionHelper.convert(SqlExceptionHelper.java:108) ~[hibernate-core-6.4.4.Final.jar:6.4.4.Final]
	at org.hibernate.engine.jdbc.spi.SqlExceptionHelper.convert(SqlExceptionHelper.java:94) ~[hibernate-core-6.4.4.Final.jar:6.4.4.Final]
	at org.hibernate.sql.results.jdbc.internal.DeferredResultSetAccess.executeQuery(DeferredResultSetAccess.java:265) ~[hibernate-core-6.4.4.Final.jar:6.4.4.Final]
	at org.hibernate.sql.results.jdbc.internal.DeferredResultSetAccess.getResultSet(DeferredResultSetAccess.java:167) ~[hibernate-core-6.4.4.Final.jar:6.4.4.Final]
	at org.hibernate.sql.results.jdbc.internal.JdbcValuesResultSetImpl.advanceNext(JdbcValuesResultSetImpl.java:218) ~[hibernate-core-6.4.4.Final.jar:6.4.4.Final]
	at org.hibernate.sql.results.jdbc.internal.JdbcValuesResultSetImpl.processNext(JdbcValuesResultSetImpl.java:98) ~[hibernate-core-6.4.4.Final.jar:6.4.4.Final]
	at org.hibernate.sql.results.jdbc.internal.AbstractJdbcValues.next(AbstractJdbcValues.java:19) ~[hibernate-core-6.4.4.Final.jar:6.4.4.Final]
	at org.hibernate.sql.results.internal.RowProcessingStateStandardImpl.next(RowProcessingStateStandardImpl.java:66) ~[hibernate-core-6.4.4.Final.jar:6.4.4.Final]
	at org.hibernate.sql.results.spi.ListResultsConsumer.consume(ListResultsConsumer.java:202) ~[hibernate-core-6.4.4.Final.jar:6.4.4.Final]
	at org.hibernate.sql.results.spi.ListResultsConsumer.consume(ListResultsConsumer.java:33) ~[hibernate-core-6.4.4.Final.jar:6.4.4.Final]
	at org.hibernate.sql.exec.internal.JdbcSelectExecutorStandardImpl.doExecuteQuery(JdbcSelectExecutorStandardImpl.java:209) ~[hibernate-core-6.4.4.Final.jar:6.4.4.Final]
	at org.hibernate.sql.exec.internal.JdbcSelectExecutorStandardImpl.executeQuery(JdbcSelectExecutorStandardImpl.java:83) ~[hibernate-core-6.4.4.Final.jar:6.4.4.Final]
	at org.hibernate.sql.exec.spi.JdbcSelectExecutor.list(JdbcSelectExecutor.java:76) ~[hibernate-core-6.4.4.Final.jar:6.4.4.Final]
	at org.hibernate.sql.exec.spi.JdbcSelectExecutor.list(JdbcSelectExecutor.java:65) ~[hibernate-core-6.4.4.Final.jar:6.4.4.Final]
	at org.hibernate.query.sqm.internal.ConcreteSqmSelectQueryPlan.lambda$new$2(ConcreteSqmSelectQueryPlan.java:137) ~[hibernate-core-6.4.4.Final.jar:6.4.4.Final]
	at org.hibernate.query.sqm.internal.ConcreteSqmSelectQueryPlan.withCacheableSqmInterpretation(ConcreteSqmSelectQueryPlan.java:362) ~[hibernate-core-6.4.4.Final.jar:6.4.4.Final]
	at org.hibernate.query.sqm.internal.ConcreteSqmSelectQueryPlan.performList(ConcreteSqmSelectQueryPlan.java:303) ~[hibernate-core-6.4.4.Final.jar:6.4.4.Final]
	at org.hibernate.query.sqm.internal.QuerySqmImpl.doList(QuerySqmImpl.java:509) ~[hibernate-core-6.4.4.Final.jar:6.4.4.Final]
	at org.hibernate.query.spi.AbstractSelectionQuery.list(AbstractSelectionQuery.java:427) ~[hibernate-core-6.4.4.Final.jar:6.4.4.Final]
	at org.hibernate.query.Query.getResultList(Query.java:120) ~[hibernate-core-6.4.4.Final.jar:6.4.4.Final]
	at org.springframework.data.jpa.repository.query.JpaQueryExecution$CollectionExecution.doExecute(JpaQueryExecution.java:129) ~[spring-data-jpa-3.2.5.jar:3.2.5]
	at org.springframework.data.jpa.repository.query.JpaQueryExecution.execute(JpaQueryExecution.java:92) ~[spring-data-jpa-3.2.5.jar:3.2.5]
	at org.springframework.data.jpa.repository.query.AbstractJpaQuery.doExecute(AbstractJpaQuery.java:149) ~[spring-data-jpa-3.2.5.jar:3.2.5]
	at org.springframework.data.jpa.repository.query.AbstractJpaQuery.execute(AbstractJpaQuery.java:137) ~[spring-data-jpa-3.2.5.jar:3.2.5]
	at org.springframework.data.repository.core.support.RepositoryMethodInvoker.doInvoke(RepositoryMethodInvoker.java:170) ~[spring-data-commons-3.2.5.jar:3.2.5]
	at org.springframework.data.repository.core.support.RepositoryMethodInvoker.invoke(RepositoryMethodInvoker.java:158) ~[spring-data-commons-3.2.5.jar:3.2.5]
	at org.springframework.data.repository.core.support.QueryExecutorMethodInterceptor.doInvoke(QueryExecutorMethodInterceptor.java:164) ~[spring-data-commons-3.2.5.jar:3.2.5]
	at org.springframework.data.repository.core.support.QueryExecutorMethodInterceptor.invoke(QueryExecutorMethodInterceptor.java:143) ~[spring-data-commons-3.2.5.jar:3.2.5]
	at org.springframework.aop.framework.ReflectiveMethodInvocation.proceed(ReflectiveMethodInvocation.java:184) ~[spring-aop-6.1.6.jar:6.1.6]
	at org.springframework.data.projection.DefaultMethodInvokingMethodInterceptor.invoke(DefaultMethodInvokingMethodInterceptor.java:70) ~[spring-data-commons-3.2.5.jar:3.2.5]
	at org.springframework.aop.framework.ReflectiveMethodInvocation.proceed(ReflectiveMethodInvocation.java:184) ~[spring-aop-6.1.6.jar:6.1.6]
	at org.springframework.transaction.interceptor.TransactionInterceptor$1.proceedWithInvocation(TransactionInterceptor.java:123) ~[spring-tx-6.1.6.jar:6.1.6]
	at org.springframework.transaction.interceptor.TransactionAspectSupport.invokeWithinTransaction(TransactionAspectSupport.java:392) ~[spring-tx-6.1.6.jar:6.1.6]
	at org.springframework.transaction.interceptor.TransactionInterceptor.invoke(TransactionInterceptor.java:119) ~[spring-tx-6.1.6.jar:6.1.6]
	at org.springframework.aop.framework.ReflectiveMethodInvocation.proceed(ReflectiveMethodInvocation.java:184) ~[spring-aop-6.1.6.jar:6.1.6]
	at org.springframework.dao.support.PersistenceExceptionTranslationInterceptor.invoke(PersistenceExceptionTranslationInterceptor.java:137) ~[spring-tx-6.1.6.jar:6.1.6]
	... 123 common frames omitted
Caused by: org.postgresql.util.PSQLException: An I/O error occurred while sending to the backend.
	at org.postgresql.core.v3.QueryExecutorImpl.execute(QueryExecutorImpl.java:395) ~[postgresql-42.6.2.jar:42.6.2]
	at org.postgresql.jdbc.PgStatement.executeInternal(PgStatement.java:498) ~[postgresql-42.6.2.jar:42.6.2]
	at org.postgresql.jdbc.PgStatement.execute(PgStatement.java:415) ~[postgresql-42.6.2.jar:42.6.2]
	at org.postgresql.jdbc.PgPreparedStatement.executeWithFlags(PgPreparedStatement.java:190) ~[postgresql-42.6.2.jar:42.6.2]
	at org.postgresql.jdbc.PgPreparedStatement.executeQuery(PgPreparedStatement.java:134) ~[postgresql-42.6.2.jar:42.6.2]
	at com.zaxxer.hikari.pool.ProxyPreparedStatement.executeQuery(ProxyPreparedStatement.java:52) ~[HikariCP-5.0.1.jar:na]
	at com.zaxxer.hikari.pool.HikariProxyPreparedStatement.executeQuery(HikariProxyPreparedStatement.java) ~[HikariCP-5.0.1.jar:na]
	at org.hibernate.sql.results.jdbc.internal.DeferredResultSetAccess.executeQuery(DeferredResultSetAccess.java:246) ~[hibernate-core-6.4.4.Final.jar:6.4.4.Final]
	... 156 common frames omitted
Caused by: java.net.SocketException: Connection reset
	at java.base/sun.nio.ch.NioSocketImpl.implRead(NioSocketImpl.java:318) ~[na:na]
	at java.base/sun.nio.ch.NioSocketImpl.read(NioSocketImpl.java:346) ~[na:na]
	at java.base/sun.nio.ch.NioSocketImpl$1.read(NioSocketImpl.java:796) ~[na:na]
	at java.base/java.net.Socket$SocketInputStream.read(Socket.java:1099) ~[na:na]
	at java.base/sun.security.ssl.SSLSocketInputRecord.read(SSLSocketInputRecord.java:489) ~[na:na]
	at java.base/sun.security.ssl.SSLSocketInputRecord.readHeader(SSLSocketInputRecord.java:483) ~[na:na]
	at java.base/sun.security.ssl.SSLSocketInputRecord.bytesInCompletePacket(SSLSocketInputRecord.java:70) ~[na:na]
	at java.base/sun.security.ssl.SSLSocketImpl.readApplicationRecord(SSLSocketImpl.java:1460) ~[na:na]
	at java.base/sun.security.ssl.SSLSocketImpl$AppInputStream.read(SSLSocketImpl.java:1066) ~[na:na]
	at org.postgresql.core.VisibleBufferedInputStream.readMore(VisibleBufferedInputStream.java:161) ~[postgresql-42.6.2.jar:42.6.2]
	at org.postgresql.core.VisibleBufferedInputStream.ensureBytes(VisibleBufferedInputStream.java:128) ~[postgresql-42.6.2.jar:42.6.2]
	at org.postgresql.core.VisibleBufferedInputStream.ensureBytes(VisibleBufferedInputStream.java:113) ~[postgresql-42.6.2.jar:42.6.2]
	at org.postgresql.core.VisibleBufferedInputStream.read(VisibleBufferedInputStream.java:73) ~[postgresql-42.6.2.jar:42.6.2]
	at org.postgresql.core.PGStream.receiveChar(PGStream.java:465) ~[postgresql-42.6.2.jar:42.6.2]
	at org.postgresql.core.v3.QueryExecutorImpl.processResults(QueryExecutorImpl.java:2155) ~[postgresql-42.6.2.jar:42.6.2]
	at org.postgresql.core.v3.QueryExecutorImpl.execute(QueryExecutorImpl.java:368) ~[postgresql-42.6.2.jar:42.6.2]
	... 163 common frames omitted

2026-08-20T02:23:23.107+06:30  WARN 24284 --- [nio-8080-exec-6] c.u.exception.GlobalExceptionHandler     : Data access failure on /api/schedules/published: Unable to rollback against JDBC Connection
2026-08-20T04:48:21.224+06:30  WARN 24284 --- [l-1 housekeeper] com.zaxxer.hikari.pool.HikariPool        : HikariPool-1 - Thread starvation or clock leap detected (housekeeper delta=2h30m22s607ms479µs300ns).
2026-08-20T05:34:52.185+06:30  WARN 24284 --- [nio-8080-exec-7] com.zaxxer.hikari.pool.PoolBase          : HikariPool-1 - Failed to validate connection org.postgresql.jdbc.PgConnection@312fc546 (This connection has been closed.). Possibly consider using a shorter maxLifetime value.
2026-08-20T05:34:52.185+06:30  WARN 24284 --- [nio-8080-exec-6] com.zaxxer.hikari.pool.PoolBase          : HikariPool-1 - Failed to validate connection org.postgresql.jdbc.PgConnection@58ec2ec5 (This connection has been closed.). Possibly consider using a shorter maxLifetime value.
2026-08-20T05:34:52.181+06:30  WARN 24284 --- [nio-8080-exec-9] com.zaxxer.hikari.pool.PoolBase          : HikariPool-1 - Failed to validate connection org.postgresql.jdbc.PgConnection@7b490469 (This connection has been closed.). Possibly consider using a shorter maxLifetime value.
2026-08-20T05:34:52.193+06:30  WARN 24284 --- [nio-8080-exec-9] com.zaxxer.hikari.pool.PoolBase          : HikariPool-1 - Failed to validate connection org.postgresql.jdbc.PgConnection@3aef822d (This connection has been closed.). Possibly consider using a shorter maxLifetime value.
2026-08-20T05:34:52.193+06:30  WARN 24284 --- [nio-8080-exec-7] com.zaxxer.hikari.pool.PoolBase          : HikariPool-1 - Failed to validate connection org.postgresql.jdbc.PgConnection@768f229e (This connection has been closed.). Possibly consider using a shorter maxLifetime value.
2026-08-20T05:35:17.699+06:30  WARN 24284 --- [l-1 housekeeper] com.zaxxer.hikari.pool.HikariPool        : HikariPool-1 - Thread starvation or clock leap detected (housekeeper delta=1m22s421ms201µs300ns).
2026-08-20T08:57:43.926+06:30  WARN 24284 --- [l-1 housekeeper] com.zaxxer.hikari.pool.HikariPool        : HikariPool-1 - Thread starvation or clock leap detected (housekeeper delta=28m22s789ms174µs300ns).
2026-08-20T09:09:26.946+06:30  WARN 24284 --- [nio-8080-exec-6] com.zaxxer.hikari.pool.PoolBase          : HikariPool-1 - Failed to validate connection org.postgresql.jdbc.PgConnection@3cec2877 (This connection has been closed.). Possibly consider using a shorter maxLifetime value.
2026-08-20T09:09:29.439+06:30  WARN 24284 --- [nio-8080-exec-6] o.h.engine.jdbc.spi.SqlExceptionHelper   : SQL Error: 0, SQLState: 08001
2026-08-20T09:09:29.439+06:30 ERROR 24284 --- [nio-8080-exec-6] o.h.engine.jdbc.spi.SqlExceptionHelper   : HikariPool-1 - Connection is not available, request timed out after 727624ms.
2026-08-20T09:09:29.442+06:30 ERROR 24284 --- [nio-8080-exec-6] o.h.engine.jdbc.spi.SqlExceptionHelper   : The connection attempt failed.
2026-08-20T09:09:29.078+06:30  WARN 24284 --- [nio-8080-exec-2] com.zaxxer.hikari.pool.ProxyConnection   : HikariPool-1 - Connection org.postgresql.jdbc.PgConnection@eba6e8c marked as broken because of SQLSTATE(08006), ErrorCode(0)

org.postgresql.util.PSQLException: An I/O error occurred while sending to the backend.
	at org.postgresql.core.v3.QueryExecutorImpl.execute(QueryExecutorImpl.java:395) ~[postgresql-42.6.2.jar:42.6.2]
	at org.postgresql.jdbc.PgStatement.executeInternal(PgStatement.java:498) ~[postgresql-42.6.2.jar:42.6.2]
	at org.postgresql.jdbc.PgStatement.execute(PgStatement.java:415) ~[postgresql-42.6.2.jar:42.6.2]
	at org.postgresql.jdbc.PgPreparedStatement.executeWithFlags(PgPreparedStatement.java:190) ~[postgresql-42.6.2.jar:42.6.2]
	at org.postgresql.jdbc.PgPreparedStatement.executeQuery(PgPreparedStatement.java:134) ~[postgresql-42.6.2.jar:42.6.2]
	at com.zaxxer.hikari.pool.ProxyPreparedStatement.executeQuery(ProxyPreparedStatement.java:52) ~[HikariCP-5.0.1.jar:na]
	at com.zaxxer.hikari.pool.HikariProxyPreparedStatement.executeQuery(HikariProxyPreparedStatement.java) ~[HikariCP-5.0.1.jar:na]
	at org.hibernate.sql.results.jdbc.internal.DeferredResultSetAccess.executeQuery(DeferredResultSetAccess.java:246) ~[hibernate-core-6.4.4.Final.jar:6.4.4.Final]
	at org.hibernate.sql.results.jdbc.internal.DeferredResultSetAccess.getResultSet(DeferredResultSetAccess.java:167) ~[hibernate-core-6.4.4.Final.jar:6.4.4.Final]
	at org.hibernate.sql.results.jdbc.internal.JdbcValuesResultSetImpl.advanceNext(JdbcValuesResultSetImpl.java:218) ~[hibernate-core-6.4.4.Final.jar:6.4.4.Final]
	at org.hibernate.sql.results.jdbc.internal.JdbcValuesResultSetImpl.processNext(JdbcValuesResultSetImpl.java:98) ~[hibernate-core-6.4.4.Final.jar:6.4.4.Final]
	at org.hibernate.sql.results.jdbc.internal.AbstractJdbcValues.next(AbstractJdbcValues.java:19) ~[hibernate-core-6.4.4.Final.jar:6.4.4.Final]
	at org.hibernate.sql.results.internal.RowProcessingStateStandardImpl.next(RowProcessingStateStandardImpl.java:66) ~[hibernate-core-6.4.4.Final.jar:6.4.4.Final]
	at org.hibernate.sql.results.spi.ListResultsConsumer.consume(ListResultsConsumer.java:187) ~[hibernate-core-6.4.4.Final.jar:6.4.4.Final]
	at org.hibernate.sql.results.spi.ListResultsConsumer.consume(ListResultsConsumer.java:33) ~[hibernate-core-6.4.4.Final.jar:6.4.4.Final]
	at org.hibernate.sql.exec.internal.JdbcSelectExecutorStandardImpl.doExecuteQuery(JdbcSelectExecutorStandardImpl.java:209) ~[hibernate-core-6.4.4.Final.jar:6.4.4.Final]
	at org.hibernate.sql.exec.internal.JdbcSelectExecutorStandardImpl.executeQuery(JdbcSelectExecutorStandardImpl.java:83) ~[hibernate-core-6.4.4.Final.jar:6.4.4.Final]
	at org.hibernate.sql.exec.spi.JdbcSelectExecutor.list(JdbcSelectExecutor.java:76) ~[hibernate-core-6.4.4.Final.jar:6.4.4.Final]
	at org.hibernate.sql.exec.spi.JdbcSelectExecutor.list(JdbcSelectExecutor.java:65) ~[hibernate-core-6.4.4.Final.jar:6.4.4.Final]
	at org.hibernate.loader.ast.internal.SingleIdLoadPlan.load(SingleIdLoadPlan.java:145) ~[hibernate-core-6.4.4.Final.jar:6.4.4.Final]
	at org.hibernate.loader.ast.internal.SingleIdLoadPlan.load(SingleIdLoadPlan.java:117) ~[hibernate-core-6.4.4.Final.jar:6.4.4.Final]
	at org.hibernate.loader.ast.internal.SingleIdEntityLoaderStandardImpl.load(SingleIdEntityLoaderStandardImpl.java:75) ~[hibernate-core-6.4.4.Final.jar:6.4.4.Final]
	at org.hibernate.persister.entity.AbstractEntityPersister.doLoad(AbstractEntityPersister.java:3748) ~[hibernate-core-6.4.4.Final.jar:6.4.4.Final]
	at org.hibernate.persister.entity.AbstractEntityPersister.load(AbstractEntityPersister.java:3737) ~[hibernate-core-6.4.4.Final.jar:6.4.4.Final]
	at org.hibernate.event.internal.DefaultLoadEventListener.loadFromDatasource(DefaultLoadEventListener.java:604) ~[hibernate-core-6.4.4.Final.jar:6.4.4.Final]
	at org.hibernate.event.internal.DefaultLoadEventListener.loadFromCacheOrDatasource(DefaultLoadEventListener.java:590) ~[hibernate-core-6.4.4.Final.jar:6.4.4.Final]
	at org.hibernate.event.internal.DefaultLoadEventListener.load(DefaultLoadEventListener.java:560) ~[hibernate-core-6.4.4.Final.jar:6.4.4.Final]
	at org.hibernate.event.internal.DefaultLoadEventListener.doLoad(DefaultLoadEventListener.java:544) ~[hibernate-core-6.4.4.Final.jar:6.4.4.Final]
	at org.hibernate.event.internal.DefaultLoadEventListener.load(DefaultLoadEventListener.java:207) ~[hibernate-core-6.4.4.Final.jar:6.4.4.Final]
	at org.hibernate.event.internal.DefaultLoadEventListener.doOnLoad(DefaultLoadEventListener.java:106) ~[hibernate-core-6.4.4.Final.jar:6.4.4.Final]
	at org.hibernate.event.internal.DefaultLoadEventListener.onLoad(DefaultLoadEventListener.java:68) ~[hibernate-core-6.4.4.Final.jar:6.4.4.Final]
	at org.hibernate.event.service.internal.EventListenerGroupImpl.fireEventOnEachListener(EventListenerGroupImpl.java:138) ~[hibernate-core-6.4.4.Final.jar:6.4.4.Final]
	at org.hibernate.internal.SessionImpl.fireLoadNoChecks(SessionImpl.java:1222) ~[hibernate-core-6.4.4.Final.jar:6.4.4.Final]
	at org.hibernate.internal.SessionImpl.immediateLoad(SessionImpl.java:1041) ~[hibernate-core-6.4.4.Final.jar:6.4.4.Final]
	at org.hibernate.proxy.AbstractLazyInitializer.initialize(AbstractLazyInitializer.java:174) ~[hibernate-core-6.4.4.Final.jar:6.4.4.Final]
	at org.hibernate.proxy.AbstractLazyInitializer.getImplementation(AbstractLazyInitializer.java:314) ~[hibernate-core-6.4.4.Final.jar:6.4.4.Final]
	at org.hibernate.proxy.pojo.bytebuddy.ByteBuddyInterceptor.intercept(ByteBuddyInterceptor.java:44) ~[hibernate-core-6.4.4.Final.jar:6.4.4.Final]
	at org.hibernate.proxy.ProxyConfiguration$InterceptorDispatcher.intercept(ProxyConfiguration.java:102) ~[hibernate-core-6.4.4.Final.jar:6.4.4.Final]
	at com.unicconnect.entity.TeachingAssignment$HibernateProxy$lGMCmelQ.getCourse(Unknown Source) ~[classes/:na]
	at com.unicconnect.service.ClassScheduleService.toResponse(ClassScheduleService.java:650) ~[classes/:na]
	at java.base/java.util.stream.ReferencePipeline$3$1.accept(ReferencePipeline.java:197) ~[na:na]
	at java.base/java.util.ArrayList.forEach(ArrayList.java:1596) ~[na:na]
	at java.base/java.util.stream.SortedOps$RefSortingSink.end(SortedOps.java:395) ~[na:na]
	at java.base/java.util.stream.Sink$ChainedReference.end(Sink.java:261) ~[na:na]
	at java.base/java.util.stream.AbstractPipeline.copyInto(AbstractPipeline.java:510) ~[na:na]
	at java.base/java.util.stream.AbstractPipeline.wrapAndCopyInto(AbstractPipeline.java:499) ~[na:na]
	at java.base/java.util.stream.AbstractPipeline.evaluate(AbstractPipeline.java:575) ~[na:na]
	at java.base/java.util.stream.AbstractPipeline.evaluateToArrayNode(AbstractPipeline.java:260) ~[na:na]
	at java.base/java.util.stream.ReferencePipeline.toArray(ReferencePipeline.java:616) ~[na:na]
	at java.base/java.util.stream.ReferencePipeline.toArray(ReferencePipeline.java:622) ~[na:na]
	at java.base/java.util.stream.ReferencePipeline.toList(ReferencePipeline.java:627) ~[na:na]
	at com.unicconnect.service.ClassScheduleService.getPublished(ClassScheduleService.java:96) ~[classes/:na]
	at java.base/jdk.internal.reflect.DirectMethodHandleAccessor.invoke(DirectMethodHandleAccessor.java:103) ~[na:na]
	at java.base/java.lang.reflect.Method.invoke(Method.java:580) ~[na:na]
	at org.springframework.aop.support.AopUtils.invokeJoinpointUsingReflection(AopUtils.java:354) ~[spring-aop-6.1.6.jar:6.1.6]
	at org.springframework.aop.framework.ReflectiveMethodInvocation.invokeJoinpoint(ReflectiveMethodInvocation.java:196) ~[spring-aop-6.1.6.jar:6.1.6]
	at org.springframework.aop.framework.ReflectiveMethodInvocation.proceed(ReflectiveMethodInvocation.java:163) ~[spring-aop-6.1.6.jar:6.1.6]
	at org.springframework.aop.framework.CglibAopProxy$CglibMethodInvocation.proceed(CglibAopProxy.java:768) ~[spring-aop-6.1.6.jar:6.1.6]
	at org.springframework.transaction.interceptor.TransactionInterceptor$1.proceedWithInvocation(TransactionInterceptor.java:123) ~[spring-tx-6.1.6.jar:6.1.6]
	at org.springframework.transaction.interceptor.TransactionAspectSupport.invokeWithinTransaction(TransactionAspectSupport.java:392) ~[spring-tx-6.1.6.jar:6.1.6]
	at org.springframework.transaction.interceptor.TransactionInterceptor.invoke(TransactionInterceptor.java:119) ~[spring-tx-6.1.6.jar:6.1.6]
	at org.springframework.aop.framework.ReflectiveMethodInvocation.proceed(ReflectiveMethodInvocation.java:184) ~[spring-aop-6.1.6.jar:6.1.6]
	at org.springframework.aop.framework.CglibAopProxy$CglibMethodInvocation.proceed(CglibAopProxy.java:768) ~[spring-aop-6.1.6.jar:6.1.6]
	at org.springframework.aop.framework.CglibAopProxy$DynamicAdvisedInterceptor.intercept(CglibAopProxy.java:720) ~[spring-aop-6.1.6.jar:6.1.6]
	at com.unicconnect.service.ClassScheduleService$$SpringCGLIB$$0.getPublished(<generated>) ~[classes/:na]
	at com.unicconnect.controller.ClassScheduleController.getPublished(ClassScheduleController.java:42) ~[classes/:na]
	at java.base/jdk.internal.reflect.DirectMethodHandleAccessor.invoke(DirectMethodHandleAccessor.java:103) ~[na:na]
	at java.base/java.lang.reflect.Method.invoke(Method.java:580) ~[na:na]
	at org.springframework.web.method.support.InvocableHandlerMethod.doInvoke(InvocableHandlerMethod.java:255) ~[spring-web-6.1.6.jar:6.1.6]
	at org.springframework.web.method.support.InvocableHandlerMethod.invokeForRequest(InvocableHandlerMethod.java:188) ~[spring-web-6.1.6.jar:6.1.6]
	at org.springframework.web.servlet.mvc.method.annotation.ServletInvocableHandlerMethod.invokeAndHandle(ServletInvocableHandlerMethod.java:118) ~[spring-webmvc-6.1.6.jar:6.1.6]
	at org.springframework.web.servlet.mvc.method.annotation.RequestMappingHandlerAdapter.invokeHandlerMethod(RequestMappingHandlerAdapter.java:926) ~[spring-webmvc-6.1.6.jar:6.1.6]
	at org.springframework.web.servlet.mvc.method.annotation.RequestMappingHandlerAdapter.handleInternal(RequestMappingHandlerAdapter.java:831) ~[spring-webmvc-6.1.6.jar:6.1.6]
	at org.springframework.web.servlet.mvc.method.AbstractHandlerMethodAdapter.handle(AbstractHandlerMethodAdapter.java:87) ~[spring-webmvc-6.1.6.jar:6.1.6]
	at org.springframework.web.servlet.DispatcherServlet.doDispatch(DispatcherServlet.java:1089) ~[spring-webmvc-6.1.6.jar:6.1.6]
	at org.springframework.web.servlet.DispatcherServlet.doService(DispatcherServlet.java:979) ~[spring-webmvc-6.1.6.jar:6.1.6]
	at org.springframework.web.servlet.FrameworkServlet.processRequest(FrameworkServlet.java:1014) ~[spring-webmvc-6.1.6.jar:6.1.6]
	at org.springframework.web.servlet.FrameworkServlet.doGet(FrameworkServlet.java:903) ~[spring-webmvc-6.1.6.jar:6.1.6]
	at jakarta.servlet.http.HttpServlet.service(HttpServlet.java:564) ~[tomcat-embed-core-10.1.20.jar:6.0]
	at org.springframework.web.servlet.FrameworkServlet.service(FrameworkServlet.java:885) ~[spring-webmvc-6.1.6.jar:6.1.6]
	at jakarta.servlet.http.HttpServlet.service(HttpServlet.java:658) ~[tomcat-embed-core-10.1.20.jar:6.0]
	at org.apache.catalina.core.ApplicationFilterChain.internalDoFilter(ApplicationFilterChain.java:206) ~[tomcat-embed-core-10.1.20.jar:10.1.20]
	at org.apache.catalina.core.ApplicationFilterChain.doFilter(ApplicationFilterChain.java:150) ~[tomcat-embed-core-10.1.20.jar:10.1.20]
	at org.apache.tomcat.websocket.server.WsFilter.doFilter(WsFilter.java:51) ~[tomcat-embed-websocket-10.1.20.jar:10.1.20]
	at org.apache.catalina.core.ApplicationFilterChain.internalDoFilter(ApplicationFilterChain.java:175) ~[tomcat-embed-core-10.1.20.jar:10.1.20]
	at org.apache.catalina.core.ApplicationFilterChain.doFilter(ApplicationFilterChain.java:150) ~[tomcat-embed-core-10.1.20.jar:10.1.20]
	at org.springframework.web.filter.OncePerRequestFilter.doFilter(OncePerRequestFilter.java:110) ~[spring-web-6.1.6.jar:6.1.6]
	at org.apache.catalina.core.ApplicationFilterChain.internalDoFilter(ApplicationFilterChain.java:175) ~[tomcat-embed-core-10.1.20.jar:10.1.20]
	at org.apache.catalina.core.ApplicationFilterChain.doFilter(ApplicationFilterChain.java:150) ~[tomcat-embed-core-10.1.20.jar:10.1.20]
	at org.springframework.web.filter.CompositeFilter$VirtualFilterChain.doFilter(CompositeFilter.java:108) ~[spring-web-6.1.6.jar:6.1.6]
	at org.springframework.security.web.FilterChainProxy.lambda$doFilterInternal$3(FilterChainProxy.java:231) ~[spring-security-web-6.2.4.jar:6.2.4]
	at org.springframework.security.web.FilterChainProxy$VirtualFilterChain.doFilter(FilterChainProxy.java:365) ~[spring-security-web-6.2.4.jar:6.2.4]
	at org.springframework.security.web.access.intercept.AuthorizationFilter.doFilter(AuthorizationFilter.java:100) ~[spring-security-web-6.2.4.jar:6.2.4]
	at org.springframework.security.web.FilterChainProxy$VirtualFilterChain.doFilter(FilterChainProxy.java:374) ~[spring-security-web-6.2.4.jar:6.2.4]
	at org.springframework.security.web.access.ExceptionTranslationFilter.doFilter(ExceptionTranslationFilter.java:126) ~[spring-security-web-6.2.4.jar:6.2.4]
	at org.springframework.security.web.access.ExceptionTranslationFilter.doFilter(ExceptionTranslationFilter.java:120) ~[spring-security-web-6.2.4.jar:6.2.4]
	at org.springframework.security.web.FilterChainProxy$VirtualFilterChain.doFilter(FilterChainProxy.java:374) ~[spring-security-web-6.2.4.jar:6.2.4]
	at org.springframework.security.web.session.SessionManagementFilter.doFilter(SessionManagementFilter.java:131) ~[spring-security-web-6.2.4.jar:6.2.4]
	at org.springframework.security.web.session.SessionManagementFilter.doFilter(SessionManagementFilter.java:85) ~[spring-security-web-6.2.4.jar:6.2.4]
	at org.springframework.security.web.FilterChainProxy$VirtualFilterChain.doFilter(FilterChainProxy.java:374) ~[spring-security-web-6.2.4.jar:6.2.4]
	at org.springframework.security.web.authentication.AnonymousAuthenticationFilter.doFilter(AnonymousAuthenticationFilter.java:100) ~[spring-security-web-6.2.4.jar:6.2.4]
	at org.springframework.security.web.FilterChainProxy$VirtualFilterChain.doFilter(FilterChainProxy.java:374) ~[spring-security-web-6.2.4.jar:6.2.4]
	at org.springframework.security.web.servletapi.SecurityContextHolderAwareRequestFilter.doFilter(SecurityContextHolderAwareRequestFilter.java:179) ~[spring-security-web-6.2.4.jar:6.2.4]
	at org.springframework.security.web.FilterChainProxy$VirtualFilterChain.doFilter(FilterChainProxy.java:374) ~[spring-security-web-6.2.4.jar:6.2.4]
	at org.springframework.security.web.savedrequest.RequestCacheAwareFilter.doFilter(RequestCacheAwareFilter.java:63) ~[spring-security-web-6.2.4.jar:6.2.4]
	at org.springframework.security.web.FilterChainProxy$VirtualFilterChain.doFilter(FilterChainProxy.java:374) ~[spring-security-web-6.2.4.jar:6.2.4]
	at com.unicconnect.security.JwtAuthenticationFilter.doFilterInternal(JwtAuthenticationFilter.java:49) ~[classes/:na]
	at org.springframework.web.filter.OncePerRequestFilter.doFilter(OncePerRequestFilter.java:116) ~[spring-web-6.1.6.jar:6.1.6]
	at org.springframework.security.web.FilterChainProxy$VirtualFilterChain.doFilter(FilterChainProxy.java:374) ~[spring-security-web-6.2.4.jar:6.2.4]
	at org.springframework.security.web.authentication.logout.LogoutFilter.doFilter(LogoutFilter.java:107) ~[spring-security-web-6.2.4.jar:6.2.4]
	at org.springframework.security.web.authentication.logout.LogoutFilter.doFilter(LogoutFilter.java:93) ~[spring-security-web-6.2.4.jar:6.2.4]
	at org.springframework.security.web.FilterChainProxy$VirtualFilterChain.doFilter(FilterChainProxy.java:374) ~[spring-security-web-6.2.4.jar:6.2.4]
	at org.springframework.web.filter.CorsFilter.doFilterInternal(CorsFilter.java:91) ~[spring-web-6.1.6.jar:6.1.6]
	at org.springframework.web.filter.OncePerRequestFilter.doFilter(OncePerRequestFilter.java:116) ~[spring-web-6.1.6.jar:6.1.6]
	at org.springframework.security.web.FilterChainProxy$VirtualFilterChain.doFilter(FilterChainProxy.java:374) ~[spring-security-web-6.2.4.jar:6.2.4]
	at org.springframework.security.web.header.HeaderWriterFilter.doHeadersAfter(HeaderWriterFilter.java:90) ~[spring-security-web-6.2.4.jar:6.2.4]
	at org.springframework.security.web.header.HeaderWriterFilter.doFilterInternal(HeaderWriterFilter.java:75) ~[spring-security-web-6.2.4.jar:6.2.4]
	at org.springframework.web.filter.OncePerRequestFilter.doFilter(OncePerRequestFilter.java:116) ~[spring-web-6.1.6.jar:6.1.6]
	at org.springframework.security.web.FilterChainProxy$VirtualFilterChain.doFilter(FilterChainProxy.java:374) ~[spring-security-web-6.2.4.jar:6.2.4]
	at org.springframework.security.web.context.SecurityContextHolderFilter.doFilter(SecurityContextHolderFilter.java:82) ~[spring-security-web-6.2.4.jar:6.2.4]
	at org.springframework.security.web.context.SecurityContextHolderFilter.doFilter(SecurityContextHolderFilter.java:69) ~[spring-security-web-6.2.4.jar:6.2.4]
	at org.springframework.security.web.FilterChainProxy$VirtualFilterChain.doFilter(FilterChainProxy.java:374) ~[spring-security-web-6.2.4.jar:6.2.4]
	at org.springframework.security.web.context.request.async.WebAsyncManagerIntegrationFilter.doFilterInternal(WebAsyncManagerIntegrationFilter.java:62) ~[spring-security-web-6.2.4.jar:6.2.4]
	at org.springframework.web.filter.OncePerRequestFilter.doFilter(OncePerRequestFilter.java:116) ~[spring-web-6.1.6.jar:6.1.6]
	at org.springframework.security.web.FilterChainProxy$VirtualFilterChain.doFilter(FilterChainProxy.java:374) ~[spring-security-web-6.2.4.jar:6.2.4]
	at org.springframework.security.web.session.DisableEncodeUrlFilter.doFilterInternal(DisableEncodeUrlFilter.java:42) ~[spring-security-web-6.2.4.jar:6.2.4]
	at org.springframework.web.filter.OncePerRequestFilter.doFilter(OncePerRequestFilter.java:116) ~[spring-web-6.1.6.jar:6.1.6]
	at org.springframework.security.web.FilterChainProxy$VirtualFilterChain.doFilter(FilterChainProxy.java:374) ~[spring-security-web-6.2.4.jar:6.2.4]
	at org.springframework.security.web.FilterChainProxy.doFilterInternal(FilterChainProxy.java:233) ~[spring-security-web-6.2.4.jar:6.2.4]
	at org.springframework.security.web.FilterChainProxy.doFilter(FilterChainProxy.java:191) ~[spring-security-web-6.2.4.jar:6.2.4]
	at org.springframework.web.filter.CompositeFilter$VirtualFilterChain.doFilter(CompositeFilter.java:113) ~[spring-web-6.1.6.jar:6.1.6]
	at org.springframework.web.servlet.handler.HandlerMappingIntrospector.lambda$createCacheFilter$3(HandlerMappingIntrospector.java:195) ~[spring-webmvc-6.1.6.jar:6.1.6]
	at org.springframework.web.filter.CompositeFilter$VirtualFilterChain.doFilter(CompositeFilter.java:113) ~[spring-web-6.1.6.jar:6.1.6]
	at org.springframework.web.filter.CompositeFilter.doFilter(CompositeFilter.java:74) ~[spring-web-6.1.6.jar:6.1.6]
	at org.springframework.security.config.annotation.web.configuration.WebMvcSecurityConfiguration$CompositeFilterChainProxy.doFilter(WebMvcSecurityConfiguration.java:230) ~[spring-security-config-6.2.4.jar:6.2.4]
	at org.springframework.web.filter.DelegatingFilterProxy.invokeDelegate(DelegatingFilterProxy.java:352) ~[spring-web-6.1.6.jar:6.1.6]
	at org.springframework.web.filter.DelegatingFilterProxy.doFilter(DelegatingFilterProxy.java:268) ~[spring-web-6.1.6.jar:6.1.6]
	at org.apache.catalina.core.ApplicationFilterChain.internalDoFilter(ApplicationFilterChain.java:175) ~[tomcat-embed-core-10.1.20.jar:10.1.20]
	at org.apache.catalina.core.ApplicationFilterChain.doFilter(ApplicationFilterChain.java:150) ~[tomcat-embed-core-10.1.20.jar:10.1.20]
	at org.springframework.web.filter.RequestContextFilter.doFilterInternal(RequestContextFilter.java:100) ~[spring-web-6.1.6.jar:6.1.6]
	at org.springframework.web.filter.OncePerRequestFilter.doFilter(OncePerRequestFilter.java:116) ~[spring-web-6.1.6.jar:6.1.6]
	at org.apache.catalina.core.ApplicationFilterChain.internalDoFilter(ApplicationFilterChain.java:175) ~[tomcat-embed-core-10.1.20.jar:10.1.20]
	at org.apache.catalina.core.ApplicationFilterChain.doFilter(ApplicationFilterChain.java:150) ~[tomcat-embed-core-10.1.20.jar:10.1.20]
	at org.springframework.web.filter.FormContentFilter.doFilterInternal(FormContentFilter.java:93) ~[spring-web-6.1.6.jar:6.1.6]
	at org.springframework.web.filter.OncePerRequestFilter.doFilter(OncePerRequestFilter.java:116) ~[spring-web-6.1.6.jar:6.1.6]
	at org.apache.catalina.core.ApplicationFilterChain.internalDoFilter(ApplicationFilterChain.java:175) ~[tomcat-embed-core-10.1.20.jar:10.1.20]
	at org.apache.catalina.core.ApplicationFilterChain.doFilter(ApplicationFilterChain.java:150) ~[tomcat-embed-core-10.1.20.jar:10.1.20]
	at org.springframework.web.filter.CharacterEncodingFilter.doFilterInternal(CharacterEncodingFilter.java:201) ~[spring-web-6.1.6.jar:6.1.6]
	at org.springframework.web.filter.OncePerRequestFilter.doFilter(OncePerRequestFilter.java:116) ~[spring-web-6.1.6.jar:6.1.6]
	at org.apache.catalina.core.ApplicationFilterChain.internalDoFilter(ApplicationFilterChain.java:175) ~[tomcat-embed-core-10.1.20.jar:10.1.20]
	at org.apache.catalina.core.ApplicationFilterChain.doFilter(ApplicationFilterChain.java:150) ~[tomcat-embed-core-10.1.20.jar:10.1.20]
	at org.apache.catalina.core.StandardWrapperValve.invoke(StandardWrapperValve.java:167) ~[tomcat-embed-core-10.1.20.jar:10.1.20]
	at org.apache.catalina.core.StandardContextValve.invoke(StandardContextValve.java:90) ~[tomcat-embed-core-10.1.20.jar:10.1.20]
	at org.apache.catalina.authenticator.AuthenticatorBase.invoke(AuthenticatorBase.java:482) ~[tomcat-embed-core-10.1.20.jar:10.1.20]
	at org.apache.catalina.core.StandardHostValve.invoke(StandardHostValve.java:115) ~[tomcat-embed-core-10.1.20.jar:10.1.20]
	at org.apache.catalina.valves.ErrorReportValve.invoke(ErrorReportValve.java:93) ~[tomcat-embed-core-10.1.20.jar:10.1.20]
	at org.apache.catalina.core.StandardEngineValve.invoke(StandardEngineValve.java:74) ~[tomcat-embed-core-10.1.20.jar:10.1.20]
	at org.apache.catalina.connector.CoyoteAdapter.service(CoyoteAdapter.java:344) ~[tomcat-embed-core-10.1.20.jar:10.1.20]
	at org.apache.coyote.http11.Http11Processor.service(Http11Processor.java:391) ~[tomcat-embed-core-10.1.20.jar:10.1.20]
	at org.apache.coyote.AbstractProcessorLight.process(AbstractProcessorLight.java:63) ~[tomcat-embed-core-10.1.20.jar:10.1.20]
	at org.apache.coyote.AbstractProtocol$ConnectionHandler.process(AbstractProtocol.java:896) ~[tomcat-embed-core-10.1.20.jar:10.1.20]
	at org.apache.tomcat.util.net.NioEndpoint$SocketProcessor.doRun(NioEndpoint.java:1736) ~[tomcat-embed-core-10.1.20.jar:10.1.20]
	at org.apache.tomcat.util.net.SocketProcessorBase.run(SocketProcessorBase.java:52) ~[tomcat-embed-core-10.1.20.jar:10.1.20]
	at org.apache.tomcat.util.threads.ThreadPoolExecutor.runWorker(ThreadPoolExecutor.java:1191) ~[tomcat-embed-core-10.1.20.jar:10.1.20]
	at org.apache.tomcat.util.threads.ThreadPoolExecutor$Worker.run(ThreadPoolExecutor.java:659) ~[tomcat-embed-core-10.1.20.jar:10.1.20]
	at org.apache.tomcat.util.threads.TaskThread$WrappingRunnable.run(TaskThread.java:63) ~[tomcat-embed-core-10.1.20.jar:10.1.20]
	at java.base/java.lang.Thread.run(Thread.java:1583) ~[na:na]
Caused by: java.net.SocketException: Connection reset
	at java.base/sun.nio.ch.NioSocketImpl.implRead(NioSocketImpl.java:318) ~[na:na]
	at java.base/sun.nio.ch.NioSocketImpl.read(NioSocketImpl.java:346) ~[na:na]
	at java.base/sun.nio.ch.NioSocketImpl$1.read(NioSocketImpl.java:796) ~[na:na]
	at java.base/java.net.Socket$SocketInputStream.read(Socket.java:1099) ~[na:na]
	at java.base/sun.security.ssl.SSLSocketInputRecord.read(SSLSocketInputRecord.java:489) ~[na:na]
	at java.base/sun.security.ssl.SSLSocketInputRecord.readHeader(SSLSocketInputRecord.java:483) ~[na:na]
	at java.base/sun.security.ssl.SSLSocketInputRecord.bytesInCompletePacket(SSLSocketInputRecord.java:70) ~[na:na]
	at java.base/sun.security.ssl.SSLSocketImpl.readApplicationRecord(SSLSocketImpl.java:1460) ~[na:na]
	at java.base/sun.security.ssl.SSLSocketImpl$AppInputStream.read(SSLSocketImpl.java:1066) ~[na:na]
	at org.postgresql.core.VisibleBufferedInputStream.readMore(VisibleBufferedInputStream.java:161) ~[postgresql-42.6.2.jar:42.6.2]
	at org.postgresql.core.VisibleBufferedInputStream.ensureBytes(VisibleBufferedInputStream.java:128) ~[postgresql-42.6.2.jar:42.6.2]
	at org.postgresql.core.VisibleBufferedInputStream.ensureBytes(VisibleBufferedInputStream.java:113) ~[postgresql-42.6.2.jar:42.6.2]
	at org.postgresql.core.VisibleBufferedInputStream.read(VisibleBufferedInputStream.java:73) ~[postgresql-42.6.2.jar:42.6.2]
	at org.postgresql.core.PGStream.receiveChar(PGStream.java:465) ~[postgresql-42.6.2.jar:42.6.2]
	at org.postgresql.core.v3.QueryExecutorImpl.processResults(QueryExecutorImpl.java:2155) ~[postgresql-42.6.2.jar:42.6.2]
	at org.postgresql.core.v3.QueryExecutorImpl.execute(QueryExecutorImpl.java:368) ~[postgresql-42.6.2.jar:42.6.2]
	... 166 common frames omitted

2026-08-20T09:09:29.586+06:30  WARN 24284 --- [nio-8080-exec-2] o.h.engine.jdbc.spi.SqlExceptionHelper   : SQL Error: 0, SQLState: 08006
2026-08-20T09:09:29.586+06:30 ERROR 24284 --- [nio-8080-exec-2] o.h.engine.jdbc.spi.SqlExceptionHelper   : An I/O error occurred while sending to the backend.
2026-08-20T09:09:29.603+06:30  INFO 24284 --- [nio-8080-exec-2] o.h.e.internal.DefaultLoadEventListener  : HHH000327: Error performing load command

org.hibernate.exception.JDBCConnectionException: JDBC exception executing SQL [select ta1_0.assignment_id,ta1_0.assigned_at,ta1_0.assigned_by_staff_id,ta1_0.assignment_status,ta1_0.course_id,ta1_0.section_id,ta1_0.staff_id,ta1_0.term_id from teaching_assignments ta1_0 where ta1_0.assignment_id=?] [An I/O error occurred while sending to the backend.] [n/a]
	at org.hibernate.exception.internal.SQLStateConversionDelegate.convert(SQLStateConversionDelegate.java:100) ~[hibernate-core-6.4.4.Final.jar:6.4.4.Final]
	at org.hibernate.exception.internal.StandardSQLExceptionConverter.convert(StandardSQLExceptionConverter.java:58) ~[hibernate-core-6.4.4.Final.jar:6.4.4.Final]
	at org.hibernate.engine.jdbc.spi.SqlExceptionHelper.convert(SqlExceptionHelper.java:108) ~[hibernate-core-6.4.4.Final.jar:6.4.4.Final]
	at org.hibernate.engine.jdbc.spi.SqlExceptionHelper.convert(SqlExceptionHelper.java:94) ~[hibernate-core-6.4.4.Final.jar:6.4.4.Final]
	at org.hibernate.sql.results.jdbc.internal.DeferredResultSetAccess.executeQuery(DeferredResultSetAccess.java:265) ~[hibernate-core-6.4.4.Final.jar:6.4.4.Final]
	at org.hibernate.sql.results.jdbc.internal.DeferredResultSetAccess.getResultSet(DeferredResultSetAccess.java:167) ~[hibernate-core-6.4.4.Final.jar:6.4.4.Final]
	at org.hibernate.sql.results.jdbc.internal.JdbcValuesResultSetImpl.advanceNext(JdbcValuesResultSetImpl.java:218) ~[hibernate-core-6.4.4.Final.jar:6.4.4.Final]
	at org.hibernate.sql.results.jdbc.internal.JdbcValuesResultSetImpl.processNext(JdbcValuesResultSetImpl.java:98) ~[hibernate-core-6.4.4.Final.jar:6.4.4.Final]
	at org.hibernate.sql.results.jdbc.internal.AbstractJdbcValues.next(AbstractJdbcValues.java:19) ~[hibernate-core-6.4.4.Final.jar:6.4.4.Final]
	at org.hibernate.sql.results.internal.RowProcessingStateStandardImpl.next(RowProcessingStateStandardImpl.java:66) ~[hibernate-core-6.4.4.Final.jar:6.4.4.Final]
	at org.hibernate.sql.results.spi.ListResultsConsumer.consume(ListResultsConsumer.java:187) ~[hibernate-core-6.4.4.Final.jar:6.4.4.Final]
	at org.hibernate.sql.results.spi.ListResultsConsumer.consume(ListResultsConsumer.java:33) ~[hibernate-core-6.4.4.Final.jar:6.4.4.Final]
	at org.hibernate.sql.exec.internal.JdbcSelectExecutorStandardImpl.doExecuteQuery(JdbcSelectExecutorStandardImpl.java:209) ~[hibernate-core-6.4.4.Final.jar:6.4.4.Final]
	at org.hibernate.sql.exec.internal.JdbcSelectExecutorStandardImpl.executeQuery(JdbcSelectExecutorStandardImpl.java:83) ~[hibernate-core-6.4.4.Final.jar:6.4.4.Final]
	at org.hibernate.sql.exec.spi.JdbcSelectExecutor.list(JdbcSelectExecutor.java:76) ~[hibernate-core-6.4.4.Final.jar:6.4.4.Final]
	at org.hibernate.sql.exec.spi.JdbcSelectExecutor.list(JdbcSelectExecutor.java:65) ~[hibernate-core-6.4.4.Final.jar:6.4.4.Final]
	at org.hibernate.loader.ast.internal.SingleIdLoadPlan.load(SingleIdLoadPlan.java:145) ~[hibernate-core-6.4.4.Final.jar:6.4.4.Final]
	at org.hibernate.loader.ast.internal.SingleIdLoadPlan.load(SingleIdLoadPlan.java:117) ~[hibernate-core-6.4.4.Final.jar:6.4.4.Final]
	at org.hibernate.loader.ast.internal.SingleIdEntityLoaderStandardImpl.load(SingleIdEntityLoaderStandardImpl.java:75) ~[hibernate-core-6.4.4.Final.jar:6.4.4.Final]
	at org.hibernate.persister.entity.AbstractEntityPersister.doLoad(AbstractEntityPersister.java:3748) ~[hibernate-core-6.4.4.Final.jar:6.4.4.Final]
	at org.hibernate.persister.entity.AbstractEntityPersister.load(AbstractEntityPersister.java:3737) ~[hibernate-core-6.4.4.Final.jar:6.4.4.Final]
	at org.hibernate.event.internal.DefaultLoadEventListener.loadFromDatasource(DefaultLoadEventListener.java:604) ~[hibernate-core-6.4.4.Final.jar:6.4.4.Final]
	at org.hibernate.event.internal.DefaultLoadEventListener.loadFromCacheOrDatasource(DefaultLoadEventListener.java:590) ~[hibernate-core-6.4.4.Final.jar:6.4.4.Final]
	at org.hibernate.event.internal.DefaultLoadEventListener.load(DefaultLoadEventListener.java:560) ~[hibernate-core-6.4.4.Final.jar:6.4.4.Final]
	at org.hibernate.event.internal.DefaultLoadEventListener.doLoad(DefaultLoadEventListener.java:544) ~[hibernate-core-6.4.4.Final.jar:6.4.4.Final]
	at org.hibernate.event.internal.DefaultLoadEventListener.load(DefaultLoadEventListener.java:207) ~[hibernate-core-6.4.4.Final.jar:6.4.4.Final]
	at org.hibernate.event.internal.DefaultLoadEventListener.doOnLoad(DefaultLoadEventListener.java:106) ~[hibernate-core-6.4.4.Final.jar:6.4.4.Final]
	at org.hibernate.event.internal.DefaultLoadEventListener.onLoad(DefaultLoadEventListener.java:68) ~[hibernate-core-6.4.4.Final.jar:6.4.4.Final]
	at org.hibernate.event.service.internal.EventListenerGroupImpl.fireEventOnEachListener(EventListenerGroupImpl.java:138) ~[hibernate-core-6.4.4.Final.jar:6.4.4.Final]
	at org.hibernate.internal.SessionImpl.fireLoadNoChecks(SessionImpl.java:1222) ~[hibernate-core-6.4.4.Final.jar:6.4.4.Final]
	at org.hibernate.internal.SessionImpl.immediateLoad(SessionImpl.java:1041) ~[hibernate-core-6.4.4.Final.jar:6.4.4.Final]
	at org.hibernate.proxy.AbstractLazyInitializer.initialize(AbstractLazyInitializer.java:174) ~[hibernate-core-6.4.4.Final.jar:6.4.4.Final]
	at org.hibernate.proxy.AbstractLazyInitializer.getImplementation(AbstractLazyInitializer.java:314) ~[hibernate-core-6.4.4.Final.jar:6.4.4.Final]
	at org.hibernate.proxy.pojo.bytebuddy.ByteBuddyInterceptor.intercept(ByteBuddyInterceptor.java:44) ~[hibernate-core-6.4.4.Final.jar:6.4.4.Final]
	at org.hibernate.proxy.ProxyConfiguration$InterceptorDispatcher.intercept(ProxyConfiguration.java:102) ~[hibernate-core-6.4.4.Final.jar:6.4.4.Final]
	at com.unicconnect.entity.TeachingAssignment$HibernateProxy$lGMCmelQ.getCourse(Unknown Source) ~[classes/:na]
	at com.unicconnect.service.ClassScheduleService.toResponse(ClassScheduleService.java:650) ~[classes/:na]
	at java.base/java.util.stream.ReferencePipeline$3$1.accept(ReferencePipeline.java:197) ~[na:na]
	at java.base/java.util.ArrayList.forEach(ArrayList.java:1596) ~[na:na]
	at java.base/java.util.stream.SortedOps$RefSortingSink.end(SortedOps.java:395) ~[na:na]
	at java.base/java.util.stream.Sink$ChainedReference.end(Sink.java:261) ~[na:na]
	at java.base/java.util.stream.AbstractPipeline.copyInto(AbstractPipeline.java:510) ~[na:na]
	at java.base/java.util.stream.AbstractPipeline.wrapAndCopyInto(AbstractPipeline.java:499) ~[na:na]
	at java.base/java.util.stream.AbstractPipeline.evaluate(AbstractPipeline.java:575) ~[na:na]
	at java.base/java.util.stream.AbstractPipeline.evaluateToArrayNode(AbstractPipeline.java:260) ~[na:na]
	at java.base/java.util.stream.ReferencePipeline.toArray(ReferencePipeline.java:616) ~[na:na]
	at java.base/java.util.stream.ReferencePipeline.toArray(ReferencePipeline.java:622) ~[na:na]
	at java.base/java.util.stream.ReferencePipeline.toList(ReferencePipeline.java:627) ~[na:na]
	at com.unicconnect.service.ClassScheduleService.getPublished(ClassScheduleService.java:96) ~[classes/:na]
	at java.base/jdk.internal.reflect.DirectMethodHandleAccessor.invoke(DirectMethodHandleAccessor.java:103) ~[na:na]
	at java.base/java.lang.reflect.Method.invoke(Method.java:580) ~[na:na]
	at org.springframework.aop.support.AopUtils.invokeJoinpointUsingReflection(AopUtils.java:354) ~[spring-aop-6.1.6.jar:6.1.6]
	at org.springframework.aop.framework.ReflectiveMethodInvocation.invokeJoinpoint(ReflectiveMethodInvocation.java:196) ~[spring-aop-6.1.6.jar:6.1.6]
	at org.springframework.aop.framework.ReflectiveMethodInvocation.proceed(ReflectiveMethodInvocation.java:163) ~[spring-aop-6.1.6.jar:6.1.6]
	at org.springframework.aop.framework.CglibAopProxy$CglibMethodInvocation.proceed(CglibAopProxy.java:768) ~[spring-aop-6.1.6.jar:6.1.6]
	at org.springframework.transaction.interceptor.TransactionInterceptor$1.proceedWithInvocation(TransactionInterceptor.java:123) ~[spring-tx-6.1.6.jar:6.1.6]
	at org.springframework.transaction.interceptor.TransactionAspectSupport.invokeWithinTransaction(TransactionAspectSupport.java:392) ~[spring-tx-6.1.6.jar:6.1.6]
	at org.springframework.transaction.interceptor.TransactionInterceptor.invoke(TransactionInterceptor.java:119) ~[spring-tx-6.1.6.jar:6.1.6]
	at org.springframework.aop.framework.ReflectiveMethodInvocation.proceed(ReflectiveMethodInvocation.java:184) ~[spring-aop-6.1.6.jar:6.1.6]
	at org.springframework.aop.framework.CglibAopProxy$CglibMethodInvocation.proceed(CglibAopProxy.java:768) ~[spring-aop-6.1.6.jar:6.1.6]
	at org.springframework.aop.framework.CglibAopProxy$DynamicAdvisedInterceptor.intercept(CglibAopProxy.java:720) ~[spring-aop-6.1.6.jar:6.1.6]
	at com.unicconnect.service.ClassScheduleService$$SpringCGLIB$$0.getPublished(<generated>) ~[classes/:na]
	at com.unicconnect.controller.ClassScheduleController.getPublished(ClassScheduleController.java:42) ~[classes/:na]
	at java.base/jdk.internal.reflect.DirectMethodHandleAccessor.invoke(DirectMethodHandleAccessor.java:103) ~[na:na]
	at java.base/java.lang.reflect.Method.invoke(Method.java:580) ~[na:na]
	at org.springframework.web.method.support.InvocableHandlerMethod.doInvoke(InvocableHandlerMethod.java:255) ~[spring-web-6.1.6.jar:6.1.6]
	at org.springframework.web.method.support.InvocableHandlerMethod.invokeForRequest(InvocableHandlerMethod.java:188) ~[spring-web-6.1.6.jar:6.1.6]
	at org.springframework.web.servlet.mvc.method.annotation.ServletInvocableHandlerMethod.invokeAndHandle(ServletInvocableHandlerMethod.java:118) ~[spring-webmvc-6.1.6.jar:6.1.6]
	at org.springframework.web.servlet.mvc.method.annotation.RequestMappingHandlerAdapter.invokeHandlerMethod(RequestMappingHandlerAdapter.java:926) ~[spring-webmvc-6.1.6.jar:6.1.6]
	at org.springframework.web.servlet.mvc.method.annotation.RequestMappingHandlerAdapter.handleInternal(RequestMappingHandlerAdapter.java:831) ~[spring-webmvc-6.1.6.jar:6.1.6]
	at org.springframework.web.servlet.mvc.method.AbstractHandlerMethodAdapter.handle(AbstractHandlerMethodAdapter.java:87) ~[spring-webmvc-6.1.6.jar:6.1.6]
	at org.springframework.web.servlet.DispatcherServlet.doDispatch(DispatcherServlet.java:1089) ~[spring-webmvc-6.1.6.jar:6.1.6]
	at org.springframework.web.servlet.DispatcherServlet.doService(DispatcherServlet.java:979) ~[spring-webmvc-6.1.6.jar:6.1.6]
	at org.springframework.web.servlet.FrameworkServlet.processRequest(FrameworkServlet.java:1014) ~[spring-webmvc-6.1.6.jar:6.1.6]
	at org.springframework.web.servlet.FrameworkServlet.doGet(FrameworkServlet.java:903) ~[spring-webmvc-6.1.6.jar:6.1.6]
	at jakarta.servlet.http.HttpServlet.service(HttpServlet.java:564) ~[tomcat-embed-core-10.1.20.jar:6.0]
	at org.springframework.web.servlet.FrameworkServlet.service(FrameworkServlet.java:885) ~[spring-webmvc-6.1.6.jar:6.1.6]
	at jakarta.servlet.http.HttpServlet.service(HttpServlet.java:658) ~[tomcat-embed-core-10.1.20.jar:6.0]
	at org.apache.catalina.core.ApplicationFilterChain.internalDoFilter(ApplicationFilterChain.java:206) ~[tomcat-embed-core-10.1.20.jar:10.1.20]
	at org.apache.catalina.core.ApplicationFilterChain.doFilter(ApplicationFilterChain.java:150) ~[tomcat-embed-core-10.1.20.jar:10.1.20]
	at org.apache.tomcat.websocket.server.WsFilter.doFilter(WsFilter.java:51) ~[tomcat-embed-websocket-10.1.20.jar:10.1.20]
	at org.apache.catalina.core.ApplicationFilterChain.internalDoFilter(ApplicationFilterChain.java:175) ~[tomcat-embed-core-10.1.20.jar:10.1.20]
	at org.apache.catalina.core.ApplicationFilterChain.doFilter(ApplicationFilterChain.java:150) ~[tomcat-embed-core-10.1.20.jar:10.1.20]
	at org.springframework.web.filter.OncePerRequestFilter.doFilter(OncePerRequestFilter.java:110) ~[spring-web-6.1.6.jar:6.1.6]
	at org.apache.catalina.core.ApplicationFilterChain.internalDoFilter(ApplicationFilterChain.java:175) ~[tomcat-embed-core-10.1.20.jar:10.1.20]
	at org.apache.catalina.core.ApplicationFilterChain.doFilter(ApplicationFilterChain.java:150) ~[tomcat-embed-core-10.1.20.jar:10.1.20]
	at org.springframework.web.filter.CompositeFilter$VirtualFilterChain.doFilter(CompositeFilter.java:108) ~[spring-web-6.1.6.jar:6.1.6]
	at org.springframework.security.web.FilterChainProxy.lambda$doFilterInternal$3(FilterChainProxy.java:231) ~[spring-security-web-6.2.4.jar:6.2.4]
	at org.springframework.security.web.FilterChainProxy$VirtualFilterChain.doFilter(FilterChainProxy.java:365) ~[spring-security-web-6.2.4.jar:6.2.4]
	at org.springframework.security.web.access.intercept.AuthorizationFilter.doFilter(AuthorizationFilter.java:100) ~[spring-security-web-6.2.4.jar:6.2.4]
	at org.springframework.security.web.FilterChainProxy$VirtualFilterChain.doFilter(FilterChainProxy.java:374) ~[spring-security-web-6.2.4.jar:6.2.4]
	at org.springframework.security.web.access.ExceptionTranslationFilter.doFilter(ExceptionTranslationFilter.java:126) ~[spring-security-web-6.2.4.jar:6.2.4]
	at org.springframework.security.web.access.ExceptionTranslationFilter.doFilter(ExceptionTranslationFilter.java:120) ~[spring-security-web-6.2.4.jar:6.2.4]
	at org.springframework.security.web.FilterChainProxy$VirtualFilterChain.doFilter(FilterChainProxy.java:374) ~[spring-security-web-6.2.4.jar:6.2.4]
	at org.springframework.security.web.session.SessionManagementFilter.doFilter(SessionManagementFilter.java:131) ~[spring-security-web-6.2.4.jar:6.2.4]
	at org.springframework.security.web.session.SessionManagementFilter.doFilter(SessionManagementFilter.java:85) ~[spring-security-web-6.2.4.jar:6.2.4]
	at org.springframework.security.web.FilterChainProxy$VirtualFilterChain.doFilter(FilterChainProxy.java:374) ~[spring-security-web-6.2.4.jar:6.2.4]
	at org.springframework.security.web.authentication.AnonymousAuthenticationFilter.doFilter(AnonymousAuthenticationFilter.java:100) ~[spring-security-web-6.2.4.jar:6.2.4]
	at org.springframework.security.web.FilterChainProxy$VirtualFilterChain.doFilter(FilterChainProxy.java:374) ~[spring-security-web-6.2.4.jar:6.2.4]
	at org.springframework.security.web.servletapi.SecurityContextHolderAwareRequestFilter.doFilter(SecurityContextHolderAwareRequestFilter.java:179) ~[spring-security-web-6.2.4.jar:6.2.4]
	at org.springframework.security.web.FilterChainProxy$VirtualFilterChain.doFilter(FilterChainProxy.java:374) ~[spring-security-web-6.2.4.jar:6.2.4]
	at org.springframework.security.web.savedrequest.RequestCacheAwareFilter.doFilter(RequestCacheAwareFilter.java:63) ~[spring-security-web-6.2.4.jar:6.2.4]
	at org.springframework.security.web.FilterChainProxy$VirtualFilterChain.doFilter(FilterChainProxy.java:374) ~[spring-security-web-6.2.4.jar:6.2.4]
	at com.unicconnect.security.JwtAuthenticationFilter.doFilterInternal(JwtAuthenticationFilter.java:49) ~[classes/:na]
	at org.springframework.web.filter.OncePerRequestFilter.doFilter(OncePerRequestFilter.java:116) ~[spring-web-6.1.6.jar:6.1.6]
	at org.springframework.security.web.FilterChainProxy$VirtualFilterChain.doFilter(FilterChainProxy.java:374) ~[spring-security-web-6.2.4.jar:6.2.4]
	at org.springframework.security.web.authentication.logout.LogoutFilter.doFilter(LogoutFilter.java:107) ~[spring-security-web-6.2.4.jar:6.2.4]
	at org.springframework.security.web.authentication.logout.LogoutFilter.doFilter(LogoutFilter.java:93) ~[spring-security-web-6.2.4.jar:6.2.4]
	at org.springframework.security.web.FilterChainProxy$VirtualFilterChain.doFilter(FilterChainProxy.java:374) ~[spring-security-web-6.2.4.jar:6.2.4]
	at org.springframework.web.filter.CorsFilter.doFilterInternal(CorsFilter.java:91) ~[spring-web-6.1.6.jar:6.1.6]
	at org.springframework.web.filter.OncePerRequestFilter.doFilter(OncePerRequestFilter.java:116) ~[spring-web-6.1.6.jar:6.1.6]
	at org.springframework.security.web.FilterChainProxy$VirtualFilterChain.doFilter(FilterChainProxy.java:374) ~[spring-security-web-6.2.4.jar:6.2.4]
	at org.springframework.security.web.header.HeaderWriterFilter.doHeadersAfter(HeaderWriterFilter.java:90) ~[spring-security-web-6.2.4.jar:6.2.4]
	at org.springframework.security.web.header.HeaderWriterFilter.doFilterInternal(HeaderWriterFilter.java:75) ~[spring-security-web-6.2.4.jar:6.2.4]
	at org.springframework.web.filter.OncePerRequestFilter.doFilter(OncePerRequestFilter.java:116) ~[spring-web-6.1.6.jar:6.1.6]
	at org.springframework.security.web.FilterChainProxy$VirtualFilterChain.doFilter(FilterChainProxy.java:374) ~[spring-security-web-6.2.4.jar:6.2.4]
	at org.springframework.security.web.context.SecurityContextHolderFilter.doFilter(SecurityContextHolderFilter.java:82) ~[spring-security-web-6.2.4.jar:6.2.4]
	at org.springframework.security.web.context.SecurityContextHolderFilter.doFilter(SecurityContextHolderFilter.java:69) ~[spring-security-web-6.2.4.jar:6.2.4]
	at org.springframework.security.web.FilterChainProxy$VirtualFilterChain.doFilter(FilterChainProxy.java:374) ~[spring-security-web-6.2.4.jar:6.2.4]
	at org.springframework.security.web.context.request.async.WebAsyncManagerIntegrationFilter.doFilterInternal(WebAsyncManagerIntegrationFilter.java:62) ~[spring-security-web-6.2.4.jar:6.2.4]
	at org.springframework.web.filter.OncePerRequestFilter.doFilter(OncePerRequestFilter.java:116) ~[spring-web-6.1.6.jar:6.1.6]
	at org.springframework.security.web.FilterChainProxy$VirtualFilterChain.doFilter(FilterChainProxy.java:374) ~[spring-security-web-6.2.4.jar:6.2.4]
	at org.springframework.security.web.session.DisableEncodeUrlFilter.doFilterInternal(DisableEncodeUrlFilter.java:42) ~[spring-security-web-6.2.4.jar:6.2.4]
	at org.springframework.web.filter.OncePerRequestFilter.doFilter(OncePerRequestFilter.java:116) ~[spring-web-6.1.6.jar:6.1.6]
	at org.springframework.security.web.FilterChainProxy$VirtualFilterChain.doFilter(FilterChainProxy.java:374) ~[spring-security-web-6.2.4.jar:6.2.4]
	at org.springframework.security.web.FilterChainProxy.doFilterInternal(FilterChainProxy.java:233) ~[spring-security-web-6.2.4.jar:6.2.4]
	at org.springframework.security.web.FilterChainProxy.doFilter(FilterChainProxy.java:191) ~[spring-security-web-6.2.4.jar:6.2.4]
	at org.springframework.web.filter.CompositeFilter$VirtualFilterChain.doFilter(CompositeFilter.java:113) ~[spring-web-6.1.6.jar:6.1.6]
	at org.springframework.web.servlet.handler.HandlerMappingIntrospector.lambda$createCacheFilter$3(HandlerMappingIntrospector.java:195) ~[spring-webmvc-6.1.6.jar:6.1.6]
	at org.springframework.web.filter.CompositeFilter$VirtualFilterChain.doFilter(CompositeFilter.java:113) ~[spring-web-6.1.6.jar:6.1.6]
	at org.springframework.web.filter.CompositeFilter.doFilter(CompositeFilter.java:74) ~[spring-web-6.1.6.jar:6.1.6]
	at org.springframework.security.config.annotation.web.configuration.WebMvcSecurityConfiguration$CompositeFilterChainProxy.doFilter(WebMvcSecurityConfiguration.java:230) ~[spring-security-config-6.2.4.jar:6.2.4]
	at org.springframework.web.filter.DelegatingFilterProxy.invokeDelegate(DelegatingFilterProxy.java:352) ~[spring-web-6.1.6.jar:6.1.6]
	at org.springframework.web.filter.DelegatingFilterProxy.doFilter(DelegatingFilterProxy.java:268) ~[spring-web-6.1.6.jar:6.1.6]
	at org.apache.catalina.core.ApplicationFilterChain.internalDoFilter(ApplicationFilterChain.java:175) ~[tomcat-embed-core-10.1.20.jar:10.1.20]
	at org.apache.catalina.core.ApplicationFilterChain.doFilter(ApplicationFilterChain.java:150) ~[tomcat-embed-core-10.1.20.jar:10.1.20]
	at org.springframework.web.filter.RequestContextFilter.doFilterInternal(RequestContextFilter.java:100) ~[spring-web-6.1.6.jar:6.1.6]
	at org.springframework.web.filter.OncePerRequestFilter.doFilter(OncePerRequestFilter.java:116) ~[spring-web-6.1.6.jar:6.1.6]
	at org.apache.catalina.core.ApplicationFilterChain.internalDoFilter(ApplicationFilterChain.java:175) ~[tomcat-embed-core-10.1.20.jar:10.1.20]
	at org.apache.catalina.core.ApplicationFilterChain.doFilter(ApplicationFilterChain.java:150) ~[tomcat-embed-core-10.1.20.jar:10.1.20]
	at org.springframework.web.filter.FormContentFilter.doFilterInternal(FormContentFilter.java:93) ~[spring-web-6.1.6.jar:6.1.6]
	at org.springframework.web.filter.OncePerRequestFilter.doFilter(OncePerRequestFilter.java:116) ~[spring-web-6.1.6.jar:6.1.6]
	at org.apache.catalina.core.ApplicationFilterChain.internalDoFilter(ApplicationFilterChain.java:175) ~[tomcat-embed-core-10.1.20.jar:10.1.20]
	at org.apache.catalina.core.ApplicationFilterChain.doFilter(ApplicationFilterChain.java:150) ~[tomcat-embed-core-10.1.20.jar:10.1.20]
	at org.springframework.web.filter.CharacterEncodingFilter.doFilterInternal(CharacterEncodingFilter.java:201) ~[spring-web-6.1.6.jar:6.1.6]
	at org.springframework.web.filter.OncePerRequestFilter.doFilter(OncePerRequestFilter.java:116) ~[spring-web-6.1.6.jar:6.1.6]
	at org.apache.catalina.core.ApplicationFilterChain.internalDoFilter(ApplicationFilterChain.java:175) ~[tomcat-embed-core-10.1.20.jar:10.1.20]
	at org.apache.catalina.core.ApplicationFilterChain.doFilter(ApplicationFilterChain.java:150) ~[tomcat-embed-core-10.1.20.jar:10.1.20]
	at org.apache.catalina.core.StandardWrapperValve.invoke(StandardWrapperValve.java:167) ~[tomcat-embed-core-10.1.20.jar:10.1.20]
	at org.apache.catalina.core.StandardContextValve.invoke(StandardContextValve.java:90) ~[tomcat-embed-core-10.1.20.jar:10.1.20]
	at org.apache.catalina.authenticator.AuthenticatorBase.invoke(AuthenticatorBase.java:482) ~[tomcat-embed-core-10.1.20.jar:10.1.20]
	at org.apache.catalina.core.StandardHostValve.invoke(StandardHostValve.java:115) ~[tomcat-embed-core-10.1.20.jar:10.1.20]
	at org.apache.catalina.valves.ErrorReportValve.invoke(ErrorReportValve.java:93) ~[tomcat-embed-core-10.1.20.jar:10.1.20]
	at org.apache.catalina.core.StandardEngineValve.invoke(StandardEngineValve.java:74) ~[tomcat-embed-core-10.1.20.jar:10.1.20]
	at org.apache.catalina.connector.CoyoteAdapter.service(CoyoteAdapter.java:344) ~[tomcat-embed-core-10.1.20.jar:10.1.20]
	at org.apache.coyote.http11.Http11Processor.service(Http11Processor.java:391) ~[tomcat-embed-core-10.1.20.jar:10.1.20]
	at org.apache.coyote.AbstractProcessorLight.process(AbstractProcessorLight.java:63) ~[tomcat-embed-core-10.1.20.jar:10.1.20]
	at org.apache.coyote.AbstractProtocol$ConnectionHandler.process(AbstractProtocol.java:896) ~[tomcat-embed-core-10.1.20.jar:10.1.20]
	at org.apache.tomcat.util.net.NioEndpoint$SocketProcessor.doRun(NioEndpoint.java:1736) ~[tomcat-embed-core-10.1.20.jar:10.1.20]
	at org.apache.tomcat.util.net.SocketProcessorBase.run(SocketProcessorBase.java:52) ~[tomcat-embed-core-10.1.20.jar:10.1.20]
	at org.apache.tomcat.util.threads.ThreadPoolExecutor.runWorker(ThreadPoolExecutor.java:1191) ~[tomcat-embed-core-10.1.20.jar:10.1.20]
	at org.apache.tomcat.util.threads.ThreadPoolExecutor$Worker.run(ThreadPoolExecutor.java:659) ~[tomcat-embed-core-10.1.20.jar:10.1.20]
	at org.apache.tomcat.util.threads.TaskThread$WrappingRunnable.run(TaskThread.java:63) ~[tomcat-embed-core-10.1.20.jar:10.1.20]
	at java.base/java.lang.Thread.run(Thread.java:1583) ~[na:na]
Caused by: org.postgresql.util.PSQLException: An I/O error occurred while sending to the backend.
	at org.postgresql.core.v3.QueryExecutorImpl.execute(QueryExecutorImpl.java:395) ~[postgresql-42.6.2.jar:42.6.2]
	at org.postgresql.jdbc.PgStatement.executeInternal(PgStatement.java:498) ~[postgresql-42.6.2.jar:42.6.2]
	at org.postgresql.jdbc.PgStatement.execute(PgStatement.java:415) ~[postgresql-42.6.2.jar:42.6.2]
	at org.postgresql.jdbc.PgPreparedStatement.executeWithFlags(PgPreparedStatement.java:190) ~[postgresql-42.6.2.jar:42.6.2]
	at org.postgresql.jdbc.PgPreparedStatement.executeQuery(PgPreparedStatement.java:134) ~[postgresql-42.6.2.jar:42.6.2]
	at com.zaxxer.hikari.pool.ProxyPreparedStatement.executeQuery(ProxyPreparedStatement.java:52) ~[HikariCP-5.0.1.jar:na]
	at com.zaxxer.hikari.pool.HikariProxyPreparedStatement.executeQuery(HikariProxyPreparedStatement.java) ~[HikariCP-5.0.1.jar:na]
	at org.hibernate.sql.results.jdbc.internal.DeferredResultSetAccess.executeQuery(DeferredResultSetAccess.java:246) ~[hibernate-core-6.4.4.Final.jar:6.4.4.Final]
	... 159 common frames omitted
Caused by: java.net.SocketException: Connection reset
	at java.base/sun.nio.ch.NioSocketImpl.implRead(NioSocketImpl.java:318) ~[na:na]
	at java.base/sun.nio.ch.NioSocketImpl.read(NioSocketImpl.java:346) ~[na:na]
	at java.base/sun.nio.ch.NioSocketImpl$1.read(NioSocketImpl.java:796) ~[na:na]
	at java.base/java.net.Socket$SocketInputStream.read(Socket.java:1099) ~[na:na]
	at java.base/sun.security.ssl.SSLSocketInputRecord.read(SSLSocketInputRecord.java:489) ~[na:na]
	at java.base/sun.security.ssl.SSLSocketInputRecord.readHeader(SSLSocketInputRecord.java:483) ~[na:na]
	at java.base/sun.security.ssl.SSLSocketInputRecord.bytesInCompletePacket(SSLSocketInputRecord.java:70) ~[na:na]
	at java.base/sun.security.ssl.SSLSocketImpl.readApplicationRecord(SSLSocketImpl.java:1460) ~[na:na]
	at java.base/sun.security.ssl.SSLSocketImpl$AppInputStream.read(SSLSocketImpl.java:1066) ~[na:na]
	at org.postgresql.core.VisibleBufferedInputStream.readMore(VisibleBufferedInputStream.java:161) ~[postgresql-42.6.2.jar:42.6.2]
	at org.postgresql.core.VisibleBufferedInputStream.ensureBytes(VisibleBufferedInputStream.java:128) ~[postgresql-42.6.2.jar:42.6.2]
	at org.postgresql.core.VisibleBufferedInputStream.ensureBytes(VisibleBufferedInputStream.java:113) ~[postgresql-42.6.2.jar:42.6.2]
	at org.postgresql.core.VisibleBufferedInputStream.read(VisibleBufferedInputStream.java:73) ~[postgresql-42.6.2.jar:42.6.2]
	at org.postgresql.core.PGStream.receiveChar(PGStream.java:465) ~[postgresql-42.6.2.jar:42.6.2]
	at org.postgresql.core.v3.QueryExecutorImpl.processResults(QueryExecutorImpl.java:2155) ~[postgresql-42.6.2.jar:42.6.2]
	at org.postgresql.core.v3.QueryExecutorImpl.execute(QueryExecutorImpl.java:368) ~[postgresql-42.6.2.jar:42.6.2]
	... 166 common frames omitted

2026-08-20T09:09:29.737+06:30 ERROR 24284 --- [nio-8080-exec-2] o.s.t.i.TransactionInterceptor           : Application exception overridden by rollback exception

org.hibernate.exception.JDBCConnectionException: JDBC exception executing SQL [select ta1_0.assignment_id,ta1_0.assigned_at,ta1_0.assigned_by_staff_id,ta1_0.assignment_status,ta1_0.course_id,ta1_0.section_id,ta1_0.staff_id,ta1_0.term_id from teaching_assignments ta1_0 where ta1_0.assignment_id=?] [An I/O error occurred while sending to the backend.] [n/a]
	at org.hibernate.exception.internal.SQLStateConversionDelegate.convert(SQLStateConversionDelegate.java:100) ~[hibernate-core-6.4.4.Final.jar:6.4.4.Final]
	at org.hibernate.exception.internal.StandardSQLExceptionConverter.convert(StandardSQLExceptionConverter.java:58) ~[hibernate-core-6.4.4.Final.jar:6.4.4.Final]
	at org.hibernate.engine.jdbc.spi.SqlExceptionHelper.convert(SqlExceptionHelper.java:108) ~[hibernate-core-6.4.4.Final.jar:6.4.4.Final]
	at org.hibernate.engine.jdbc.spi.SqlExceptionHelper.convert(SqlExceptionHelper.java:94) ~[hibernate-core-6.4.4.Final.jar:6.4.4.Final]
	at org.hibernate.sql.results.jdbc.internal.DeferredResultSetAccess.executeQuery(DeferredResultSetAccess.java:265) ~[hibernate-core-6.4.4.Final.jar:6.4.4.Final]
	at org.hibernate.sql.results.jdbc.internal.DeferredResultSetAccess.getResultSet(DeferredResultSetAccess.java:167) ~[hibernate-core-6.4.4.Final.jar:6.4.4.Final]
	at org.hibernate.sql.results.jdbc.internal.JdbcValuesResultSetImpl.advanceNext(JdbcValuesResultSetImpl.java:218) ~[hibernate-core-6.4.4.Final.jar:6.4.4.Final]
	at org.hibernate.sql.results.jdbc.internal.JdbcValuesResultSetImpl.processNext(JdbcValuesResultSetImpl.java:98) ~[hibernate-core-6.4.4.Final.jar:6.4.4.Final]
	at org.hibernate.sql.results.jdbc.internal.AbstractJdbcValues.next(AbstractJdbcValues.java:19) ~[hibernate-core-6.4.4.Final.jar:6.4.4.Final]
	at org.hibernate.sql.results.internal.RowProcessingStateStandardImpl.next(RowProcessingStateStandardImpl.java:66) ~[hibernate-core-6.4.4.Final.jar:6.4.4.Final]
	at org.hibernate.sql.results.spi.ListResultsConsumer.consume(ListResultsConsumer.java:187) ~[hibernate-core-6.4.4.Final.jar:6.4.4.Final]
	at org.hibernate.sql.results.spi.ListResultsConsumer.consume(ListResultsConsumer.java:33) ~[hibernate-core-6.4.4.Final.jar:6.4.4.Final]
	at org.hibernate.sql.exec.internal.JdbcSelectExecutorStandardImpl.doExecuteQuery(JdbcSelectExecutorStandardImpl.java:209) ~[hibernate-core-6.4.4.Final.jar:6.4.4.Final]
	at org.hibernate.sql.exec.internal.JdbcSelectExecutorStandardImpl.executeQuery(JdbcSelectExecutorStandardImpl.java:83) ~[hibernate-core-6.4.4.Final.jar:6.4.4.Final]
	at org.hibernate.sql.exec.spi.JdbcSelectExecutor.list(JdbcSelectExecutor.java:76) ~[hibernate-core-6.4.4.Final.jar:6.4.4.Final]
	at org.hibernate.sql.exec.spi.JdbcSelectExecutor.list(JdbcSelectExecutor.java:65) ~[hibernate-core-6.4.4.Final.jar:6.4.4.Final]
	at org.hibernate.loader.ast.internal.SingleIdLoadPlan.load(SingleIdLoadPlan.java:145) ~[hibernate-core-6.4.4.Final.jar:6.4.4.Final]
	at org.hibernate.loader.ast.internal.SingleIdLoadPlan.load(SingleIdLoadPlan.java:117) ~[hibernate-core-6.4.4.Final.jar:6.4.4.Final]
	at org.hibernate.loader.ast.internal.SingleIdEntityLoaderStandardImpl.load(SingleIdEntityLoaderStandardImpl.java:75) ~[hibernate-core-6.4.4.Final.jar:6.4.4.Final]
	at org.hibernate.persister.entity.AbstractEntityPersister.doLoad(AbstractEntityPersister.java:3748) ~[hibernate-core-6.4.4.Final.jar:6.4.4.Final]
	at org.hibernate.persister.entity.AbstractEntityPersister.load(AbstractEntityPersister.java:3737) ~[hibernate-core-6.4.4.Final.jar:6.4.4.Final]
	at org.hibernate.event.internal.DefaultLoadEventListener.loadFromDatasource(DefaultLoadEventListener.java:604) ~[hibernate-core-6.4.4.Final.jar:6.4.4.Final]
	at org.hibernate.event.internal.DefaultLoadEventListener.loadFromCacheOrDatasource(DefaultLoadEventListener.java:590) ~[hibernate-core-6.4.4.Final.jar:6.4.4.Final]
	at org.hibernate.event.internal.DefaultLoadEventListener.load(DefaultLoadEventListener.java:560) ~[hibernate-core-6.4.4.Final.jar:6.4.4.Final]
	at org.hibernate.event.internal.DefaultLoadEventListener.doLoad(DefaultLoadEventListener.java:544) ~[hibernate-core-6.4.4.Final.jar:6.4.4.Final]
	at org.hibernate.event.internal.DefaultLoadEventListener.load(DefaultLoadEventListener.java:207) ~[hibernate-core-6.4.4.Final.jar:6.4.4.Final]
	at org.hibernate.event.internal.DefaultLoadEventListener.doOnLoad(DefaultLoadEventListener.java:106) ~[hibernate-core-6.4.4.Final.jar:6.4.4.Final]
	at org.hibernate.event.internal.DefaultLoadEventListener.onLoad(DefaultLoadEventListener.java:68) ~[hibernate-core-6.4.4.Final.jar:6.4.4.Final]
	at org.hibernate.event.service.internal.EventListenerGroupImpl.fireEventOnEachListener(EventListenerGroupImpl.java:138) ~[hibernate-core-6.4.4.Final.jar:6.4.4.Final]
	at org.hibernate.internal.SessionImpl.fireLoadNoChecks(SessionImpl.java:1222) ~[hibernate-core-6.4.4.Final.jar:6.4.4.Final]
	at org.hibernate.internal.SessionImpl.immediateLoad(SessionImpl.java:1041) ~[hibernate-core-6.4.4.Final.jar:6.4.4.Final]
	at org.hibernate.proxy.AbstractLazyInitializer.initialize(AbstractLazyInitializer.java:174) ~[hibernate-core-6.4.4.Final.jar:6.4.4.Final]
	at org.hibernate.proxy.AbstractLazyInitializer.getImplementation(AbstractLazyInitializer.java:314) ~[hibernate-core-6.4.4.Final.jar:6.4.4.Final]
	at org.hibernate.proxy.pojo.bytebuddy.ByteBuddyInterceptor.intercept(ByteBuddyInterceptor.java:44) ~[hibernate-core-6.4.4.Final.jar:6.4.4.Final]
	at org.hibernate.proxy.ProxyConfiguration$InterceptorDispatcher.intercept(ProxyConfiguration.java:102) ~[hibernate-core-6.4.4.Final.jar:6.4.4.Final]
	at com.unicconnect.entity.TeachingAssignment$HibernateProxy$lGMCmelQ.getCourse(Unknown Source) ~[classes/:na]
	at com.unicconnect.service.ClassScheduleService.toResponse(ClassScheduleService.java:650) ~[classes/:na]
	at java.base/java.util.stream.ReferencePipeline$3$1.accept(ReferencePipeline.java:197) ~[na:na]
	at java.base/java.util.ArrayList.forEach(ArrayList.java:1596) ~[na:na]
	at java.base/java.util.stream.SortedOps$RefSortingSink.end(SortedOps.java:395) ~[na:na]
	at java.base/java.util.stream.Sink$ChainedReference.end(Sink.java:261) ~[na:na]
	at java.base/java.util.stream.AbstractPipeline.copyInto(AbstractPipeline.java:510) ~[na:na]
	at java.base/java.util.stream.AbstractPipeline.wrapAndCopyInto(AbstractPipeline.java:499) ~[na:na]
	at java.base/java.util.stream.AbstractPipeline.evaluate(AbstractPipeline.java:575) ~[na:na]
	at java.base/java.util.stream.AbstractPipeline.evaluateToArrayNode(AbstractPipeline.java:260) ~[na:na]
	at java.base/java.util.stream.ReferencePipeline.toArray(ReferencePipeline.java:616) ~[na:na]
	at java.base/java.util.stream.ReferencePipeline.toArray(ReferencePipeline.java:622) ~[na:na]
	at java.base/java.util.stream.ReferencePipeline.toList(ReferencePipeline.java:627) ~[na:na]
	at com.unicconnect.service.ClassScheduleService.getPublished(ClassScheduleService.java:96) ~[classes/:na]
	at java.base/jdk.internal.reflect.DirectMethodHandleAccessor.invoke(DirectMethodHandleAccessor.java:103) ~[na:na]
	at java.base/java.lang.reflect.Method.invoke(Method.java:580) ~[na:na]
	at org.springframework.aop.support.AopUtils.invokeJoinpointUsingReflection(AopUtils.java:354) ~[spring-aop-6.1.6.jar:6.1.6]
	at org.springframework.aop.framework.ReflectiveMethodInvocation.invokeJoinpoint(ReflectiveMethodInvocation.java:196) ~[spring-aop-6.1.6.jar:6.1.6]
	at org.springframework.aop.framework.ReflectiveMethodInvocation.proceed(ReflectiveMethodInvocation.java:163) ~[spring-aop-6.1.6.jar:6.1.6]
	at org.springframework.aop.framework.CglibAopProxy$CglibMethodInvocation.proceed(CglibAopProxy.java:768) ~[spring-aop-6.1.6.jar:6.1.6]
	at org.springframework.transaction.interceptor.TransactionInterceptor$1.proceedWithInvocation(TransactionInterceptor.java:123) ~[spring-tx-6.1.6.jar:6.1.6]
	at org.springframework.transaction.interceptor.TransactionAspectSupport.invokeWithinTransaction(TransactionAspectSupport.java:392) ~[spring-tx-6.1.6.jar:6.1.6]
	at org.springframework.transaction.interceptor.TransactionInterceptor.invoke(TransactionInterceptor.java:119) ~[spring-tx-6.1.6.jar:6.1.6]
	at org.springframework.aop.framework.ReflectiveMethodInvocation.proceed(ReflectiveMethodInvocation.java:184) ~[spring-aop-6.1.6.jar:6.1.6]
	at org.springframework.aop.framework.CglibAopProxy$CglibMethodInvocation.proceed(CglibAopProxy.java:768) ~[spring-aop-6.1.6.jar:6.1.6]
	at org.springframework.aop.framework.CglibAopProxy$DynamicAdvisedInterceptor.intercept(CglibAopProxy.java:720) ~[spring-aop-6.1.6.jar:6.1.6]
	at com.unicconnect.service.ClassScheduleService$$SpringCGLIB$$0.getPublished(<generated>) ~[classes/:na]
	at com.unicconnect.controller.ClassScheduleController.getPublished(ClassScheduleController.java:42) ~[classes/:na]
	at java.base/jdk.internal.reflect.DirectMethodHandleAccessor.invoke(DirectMethodHandleAccessor.java:103) ~[na:na]
	at java.base/java.lang.reflect.Method.invoke(Method.java:580) ~[na:na]
	at org.springframework.web.method.support.InvocableHandlerMethod.doInvoke(InvocableHandlerMethod.java:255) ~[spring-web-6.1.6.jar:6.1.6]
	at org.springframework.web.method.support.InvocableHandlerMethod.invokeForRequest(InvocableHandlerMethod.java:188) ~[spring-web-6.1.6.jar:6.1.6]
	at org.springframework.web.servlet.mvc.method.annotation.ServletInvocableHandlerMethod.invokeAndHandle(ServletInvocableHandlerMethod.java:118) ~[spring-webmvc-6.1.6.jar:6.1.6]
	at org.springframework.web.servlet.mvc.method.annotation.RequestMappingHandlerAdapter.invokeHandlerMethod(RequestMappingHandlerAdapter.java:926) ~[spring-webmvc-6.1.6.jar:6.1.6]
	at org.springframework.web.servlet.mvc.method.annotation.RequestMappingHandlerAdapter.handleInternal(RequestMappingHandlerAdapter.java:831) ~[spring-webmvc-6.1.6.jar:6.1.6]
	at org.springframework.web.servlet.mvc.method.AbstractHandlerMethodAdapter.handle(AbstractHandlerMethodAdapter.java:87) ~[spring-webmvc-6.1.6.jar:6.1.6]
	at org.springframework.web.servlet.DispatcherServlet.doDispatch(DispatcherServlet.java:1089) ~[spring-webmvc-6.1.6.jar:6.1.6]
	at org.springframework.web.servlet.DispatcherServlet.doService(DispatcherServlet.java:979) ~[spring-webmvc-6.1.6.jar:6.1.6]
	at org.springframework.web.servlet.FrameworkServlet.processRequest(FrameworkServlet.java:1014) ~[spring-webmvc-6.1.6.jar:6.1.6]
	at org.springframework.web.servlet.FrameworkServlet.doGet(FrameworkServlet.java:903) ~[spring-webmvc-6.1.6.jar:6.1.6]
	at jakarta.servlet.http.HttpServlet.service(HttpServlet.java:564) ~[tomcat-embed-core-10.1.20.jar:6.0]
	at org.springframework.web.servlet.FrameworkServlet.service(FrameworkServlet.java:885) ~[spring-webmvc-6.1.6.jar:6.1.6]
	at jakarta.servlet.http.HttpServlet.service(HttpServlet.java:658) ~[tomcat-embed-core-10.1.20.jar:6.0]
	at org.apache.catalina.core.ApplicationFilterChain.internalDoFilter(ApplicationFilterChain.java:206) ~[tomcat-embed-core-10.1.20.jar:10.1.20]
	at org.apache.catalina.core.ApplicationFilterChain.doFilter(ApplicationFilterChain.java:150) ~[tomcat-embed-core-10.1.20.jar:10.1.20]
	at org.apache.tomcat.websocket.server.WsFilter.doFilter(WsFilter.java:51) ~[tomcat-embed-websocket-10.1.20.jar:10.1.20]
	at org.apache.catalina.core.ApplicationFilterChain.internalDoFilter(ApplicationFilterChain.java:175) ~[tomcat-embed-core-10.1.20.jar:10.1.20]
	at org.apache.catalina.core.ApplicationFilterChain.doFilter(ApplicationFilterChain.java:150) ~[tomcat-embed-core-10.1.20.jar:10.1.20]
	at org.springframework.web.filter.OncePerRequestFilter.doFilter(OncePerRequestFilter.java:110) ~[spring-web-6.1.6.jar:6.1.6]
	at org.apache.catalina.core.ApplicationFilterChain.internalDoFilter(ApplicationFilterChain.java:175) ~[tomcat-embed-core-10.1.20.jar:10.1.20]
	at org.apache.catalina.core.ApplicationFilterChain.doFilter(ApplicationFilterChain.java:150) ~[tomcat-embed-core-10.1.20.jar:10.1.20]
	at org.springframework.web.filter.CompositeFilter$VirtualFilterChain.doFilter(CompositeFilter.java:108) ~[spring-web-6.1.6.jar:6.1.6]
	at org.springframework.security.web.FilterChainProxy.lambda$doFilterInternal$3(FilterChainProxy.java:231) ~[spring-security-web-6.2.4.jar:6.2.4]
	at org.springframework.security.web.FilterChainProxy$VirtualFilterChain.doFilter(FilterChainProxy.java:365) ~[spring-security-web-6.2.4.jar:6.2.4]
	at org.springframework.security.web.access.intercept.AuthorizationFilter.doFilter(AuthorizationFilter.java:100) ~[spring-security-web-6.2.4.jar:6.2.4]
	at org.springframework.security.web.FilterChainProxy$VirtualFilterChain.doFilter(FilterChainProxy.java:374) ~[spring-security-web-6.2.4.jar:6.2.4]
	at org.springframework.security.web.access.ExceptionTranslationFilter.doFilter(ExceptionTranslationFilter.java:126) ~[spring-security-web-6.2.4.jar:6.2.4]
	at org.springframework.security.web.access.ExceptionTranslationFilter.doFilter(ExceptionTranslationFilter.java:120) ~[spring-security-web-6.2.4.jar:6.2.4]
	at org.springframework.security.web.FilterChainProxy$VirtualFilterChain.doFilter(FilterChainProxy.java:374) ~[spring-security-web-6.2.4.jar:6.2.4]
	at org.springframework.security.web.session.SessionManagementFilter.doFilter(SessionManagementFilter.java:131) ~[spring-security-web-6.2.4.jar:6.2.4]
	at org.springframework.security.web.session.SessionManagementFilter.doFilter(SessionManagementFilter.java:85) ~[spring-security-web-6.2.4.jar:6.2.4]
	at org.springframework.security.web.FilterChainProxy$VirtualFilterChain.doFilter(FilterChainProxy.java:374) ~[spring-security-web-6.2.4.jar:6.2.4]
	at org.springframework.security.web.authentication.AnonymousAuthenticationFilter.doFilter(AnonymousAuthenticationFilter.java:100) ~[spring-security-web-6.2.4.jar:6.2.4]
	at org.springframework.security.web.FilterChainProxy$VirtualFilterChain.doFilter(FilterChainProxy.java:374) ~[spring-security-web-6.2.4.jar:6.2.4]
	at org.springframework.security.web.servletapi.SecurityContextHolderAwareRequestFilter.doFilter(SecurityContextHolderAwareRequestFilter.java:179) ~[spring-security-web-6.2.4.jar:6.2.4]
	at org.springframework.security.web.FilterChainProxy$VirtualFilterChain.doFilter(FilterChainProxy.java:374) ~[spring-security-web-6.2.4.jar:6.2.4]
	at org.springframework.security.web.savedrequest.RequestCacheAwareFilter.doFilter(RequestCacheAwareFilter.java:63) ~[spring-security-web-6.2.4.jar:6.2.4]
	at org.springframework.security.web.FilterChainProxy$VirtualFilterChain.doFilter(FilterChainProxy.java:374) ~[spring-security-web-6.2.4.jar:6.2.4]
	at com.unicconnect.security.JwtAuthenticationFilter.doFilterInternal(JwtAuthenticationFilter.java:49) ~[classes/:na]
	at org.springframework.web.filter.OncePerRequestFilter.doFilter(OncePerRequestFilter.java:116) ~[spring-web-6.1.6.jar:6.1.6]
	at org.springframework.security.web.FilterChainProxy$VirtualFilterChain.doFilter(FilterChainProxy.java:374) ~[spring-security-web-6.2.4.jar:6.2.4]
	at org.springframework.security.web.authentication.logout.LogoutFilter.doFilter(LogoutFilter.java:107) ~[spring-security-web-6.2.4.jar:6.2.4]
	at org.springframework.security.web.authentication.logout.LogoutFilter.doFilter(LogoutFilter.java:93) ~[spring-security-web-6.2.4.jar:6.2.4]
	at org.springframework.security.web.FilterChainProxy$VirtualFilterChain.doFilter(FilterChainProxy.java:374) ~[spring-security-web-6.2.4.jar:6.2.4]
	at org.springframework.web.filter.CorsFilter.doFilterInternal(CorsFilter.java:91) ~[spring-web-6.1.6.jar:6.1.6]
	at org.springframework.web.filter.OncePerRequestFilter.doFilter(OncePerRequestFilter.java:116) ~[spring-web-6.1.6.jar:6.1.6]
	at org.springframework.security.web.FilterChainProxy$VirtualFilterChain.doFilter(FilterChainProxy.java:374) ~[spring-security-web-6.2.4.jar:6.2.4]
	at org.springframework.security.web.header.HeaderWriterFilter.doHeadersAfter(HeaderWriterFilter.java:90) ~[spring-security-web-6.2.4.jar:6.2.4]
	at org.springframework.security.web.header.HeaderWriterFilter.doFilterInternal(HeaderWriterFilter.java:75) ~[spring-security-web-6.2.4.jar:6.2.4]
	at org.springframework.web.filter.OncePerRequestFilter.doFilter(OncePerRequestFilter.java:116) ~[spring-web-6.1.6.jar:6.1.6]
	at org.springframework.security.web.FilterChainProxy$VirtualFilterChain.doFilter(FilterChainProxy.java:374) ~[spring-security-web-6.2.4.jar:6.2.4]
	at org.springframework.security.web.context.SecurityContextHolderFilter.doFilter(SecurityContextHolderFilter.java:82) ~[spring-security-web-6.2.4.jar:6.2.4]
	at org.springframework.security.web.context.SecurityContextHolderFilter.doFilter(SecurityContextHolderFilter.java:69) ~[spring-security-web-6.2.4.jar:6.2.4]
	at org.springframework.security.web.FilterChainProxy$VirtualFilterChain.doFilter(FilterChainProxy.java:374) ~[spring-security-web-6.2.4.jar:6.2.4]
	at org.springframework.security.web.context.request.async.WebAsyncManagerIntegrationFilter.doFilterInternal(WebAsyncManagerIntegrationFilter.java:62) ~[spring-security-web-6.2.4.jar:6.2.4]
	at org.springframework.web.filter.OncePerRequestFilter.doFilter(OncePerRequestFilter.java:116) ~[spring-web-6.1.6.jar:6.1.6]
	at org.springframework.security.web.FilterChainProxy$VirtualFilterChain.doFilter(FilterChainProxy.java:374) ~[spring-security-web-6.2.4.jar:6.2.4]
	at org.springframework.security.web.session.DisableEncodeUrlFilter.doFilterInternal(DisableEncodeUrlFilter.java:42) ~[spring-security-web-6.2.4.jar:6.2.4]
	at org.springframework.web.filter.OncePerRequestFilter.doFilter(OncePerRequestFilter.java:116) ~[spring-web-6.1.6.jar:6.1.6]
	at org.springframework.security.web.FilterChainProxy$VirtualFilterChain.doFilter(FilterChainProxy.java:374) ~[spring-security-web-6.2.4.jar:6.2.4]
	at org.springframework.security.web.FilterChainProxy.doFilterInternal(FilterChainProxy.java:233) ~[spring-security-web-6.2.4.jar:6.2.4]
	at org.springframework.security.web.FilterChainProxy.doFilter(FilterChainProxy.java:191) ~[spring-security-web-6.2.4.jar:6.2.4]
	at org.springframework.web.filter.CompositeFilter$VirtualFilterChain.doFilter(CompositeFilter.java:113) ~[spring-web-6.1.6.jar:6.1.6]
	at org.springframework.web.servlet.handler.HandlerMappingIntrospector.lambda$createCacheFilter$3(HandlerMappingIntrospector.java:195) ~[spring-webmvc-6.1.6.jar:6.1.6]
	at org.springframework.web.filter.CompositeFilter$VirtualFilterChain.doFilter(CompositeFilter.java:113) ~[spring-web-6.1.6.jar:6.1.6]
	at org.springframework.web.filter.CompositeFilter.doFilter(CompositeFilter.java:74) ~[spring-web-6.1.6.jar:6.1.6]
	at org.springframework.security.config.annotation.web.configuration.WebMvcSecurityConfiguration$CompositeFilterChainProxy.doFilter(WebMvcSecurityConfiguration.java:230) ~[spring-security-config-6.2.4.jar:6.2.4]
	at org.springframework.web.filter.DelegatingFilterProxy.invokeDelegate(DelegatingFilterProxy.java:352) ~[spring-web-6.1.6.jar:6.1.6]
	at org.springframework.web.filter.DelegatingFilterProxy.doFilter(DelegatingFilterProxy.java:268) ~[spring-web-6.1.6.jar:6.1.6]
	at org.apache.catalina.core.ApplicationFilterChain.internalDoFilter(ApplicationFilterChain.java:175) ~[tomcat-embed-core-10.1.20.jar:10.1.20]
	at org.apache.catalina.core.ApplicationFilterChain.doFilter(ApplicationFilterChain.java:150) ~[tomcat-embed-core-10.1.20.jar:10.1.20]
	at org.springframework.web.filter.RequestContextFilter.doFilterInternal(RequestContextFilter.java:100) ~[spring-web-6.1.6.jar:6.1.6]
	at org.springframework.web.filter.OncePerRequestFilter.doFilter(OncePerRequestFilter.java:116) ~[spring-web-6.1.6.jar:6.1.6]
	at org.apache.catalina.core.ApplicationFilterChain.internalDoFilter(ApplicationFilterChain.java:175) ~[tomcat-embed-core-10.1.20.jar:10.1.20]
	at org.apache.catalina.core.ApplicationFilterChain.doFilter(ApplicationFilterChain.java:150) ~[tomcat-embed-core-10.1.20.jar:10.1.20]
	at org.springframework.web.filter.FormContentFilter.doFilterInternal(FormContentFilter.java:93) ~[spring-web-6.1.6.jar:6.1.6]
	at org.springframework.web.filter.OncePerRequestFilter.doFilter(OncePerRequestFilter.java:116) ~[spring-web-6.1.6.jar:6.1.6]
	at org.apache.catalina.core.ApplicationFilterChain.internalDoFilter(ApplicationFilterChain.java:175) ~[tomcat-embed-core-10.1.20.jar:10.1.20]
	at org.apache.catalina.core.ApplicationFilterChain.doFilter(ApplicationFilterChain.java:150) ~[tomcat-embed-core-10.1.20.jar:10.1.20]
	at org.springframework.web.filter.CharacterEncodingFilter.doFilterInternal(CharacterEncodingFilter.java:201) ~[spring-web-6.1.6.jar:6.1.6]
	at org.springframework.web.filter.OncePerRequestFilter.doFilter(OncePerRequestFilter.java:116) ~[spring-web-6.1.6.jar:6.1.6]
	at org.apache.catalina.core.ApplicationFilterChain.internalDoFilter(ApplicationFilterChain.java:175) ~[tomcat-embed-core-10.1.20.jar:10.1.20]
	at org.apache.catalina.core.ApplicationFilterChain.doFilter(ApplicationFilterChain.java:150) ~[tomcat-embed-core-10.1.20.jar:10.1.20]
	at org.apache.catalina.core.StandardWrapperValve.invoke(StandardWrapperValve.java:167) ~[tomcat-embed-core-10.1.20.jar:10.1.20]
	at org.apache.catalina.core.StandardContextValve.invoke(StandardContextValve.java:90) ~[tomcat-embed-core-10.1.20.jar:10.1.20]
	at org.apache.catalina.authenticator.AuthenticatorBase.invoke(AuthenticatorBase.java:482) ~[tomcat-embed-core-10.1.20.jar:10.1.20]
	at org.apache.catalina.core.StandardHostValve.invoke(StandardHostValve.java:115) ~[tomcat-embed-core-10.1.20.jar:10.1.20]
	at org.apache.catalina.valves.ErrorReportValve.invoke(ErrorReportValve.java:93) ~[tomcat-embed-core-10.1.20.jar:10.1.20]
	at org.apache.catalina.core.StandardEngineValve.invoke(StandardEngineValve.java:74) ~[tomcat-embed-core-10.1.20.jar:10.1.20]
	at org.apache.catalina.connector.CoyoteAdapter.service(CoyoteAdapter.java:344) ~[tomcat-embed-core-10.1.20.jar:10.1.20]
	at org.apache.coyote.http11.Http11Processor.service(Http11Processor.java:391) ~[tomcat-embed-core-10.1.20.jar:10.1.20]
	at org.apache.coyote.AbstractProcessorLight.process(AbstractProcessorLight.java:63) ~[tomcat-embed-core-10.1.20.jar:10.1.20]
	at org.apache.coyote.AbstractProtocol$ConnectionHandler.process(AbstractProtocol.java:896) ~[tomcat-embed-core-10.1.20.jar:10.1.20]
	at org.apache.tomcat.util.net.NioEndpoint$SocketProcessor.doRun(NioEndpoint.java:1736) ~[tomcat-embed-core-10.1.20.jar:10.1.20]
	at org.apache.tomcat.util.net.SocketProcessorBase.run(SocketProcessorBase.java:52) ~[tomcat-embed-core-10.1.20.jar:10.1.20]
	at org.apache.tomcat.util.threads.ThreadPoolExecutor.runWorker(ThreadPoolExecutor.java:1191) ~[tomcat-embed-core-10.1.20.jar:10.1.20]
	at org.apache.tomcat.util.threads.ThreadPoolExecutor$Worker.run(ThreadPoolExecutor.java:659) ~[tomcat-embed-core-10.1.20.jar:10.1.20]
	at org.apache.tomcat.util.threads.TaskThread$WrappingRunnable.run(TaskThread.java:63) ~[tomcat-embed-core-10.1.20.jar:10.1.20]
	at java.base/java.lang.Thread.run(Thread.java:1583) ~[na:na]
Caused by: org.postgresql.util.PSQLException: An I/O error occurred while sending to the backend.
	at org.postgresql.core.v3.QueryExecutorImpl.execute(QueryExecutorImpl.java:395) ~[postgresql-42.6.2.jar:42.6.2]
	at org.postgresql.jdbc.PgStatement.executeInternal(PgStatement.java:498) ~[postgresql-42.6.2.jar:42.6.2]
	at org.postgresql.jdbc.PgStatement.execute(PgStatement.java:415) ~[postgresql-42.6.2.jar:42.6.2]
	at org.postgresql.jdbc.PgPreparedStatement.executeWithFlags(PgPreparedStatement.java:190) ~[postgresql-42.6.2.jar:42.6.2]
	at org.postgresql.jdbc.PgPreparedStatement.executeQuery(PgPreparedStatement.java:134) ~[postgresql-42.6.2.jar:42.6.2]
	at com.zaxxer.hikari.pool.ProxyPreparedStatement.executeQuery(ProxyPreparedStatement.java:52) ~[HikariCP-5.0.1.jar:na]
	at com.zaxxer.hikari.pool.HikariProxyPreparedStatement.executeQuery(HikariProxyPreparedStatement.java) ~[HikariCP-5.0.1.jar:na]
	at org.hibernate.sql.results.jdbc.internal.DeferredResultSetAccess.executeQuery(DeferredResultSetAccess.java:246) ~[hibernate-core-6.4.4.Final.jar:6.4.4.Final]
	... 159 common frames omitted
Caused by: java.net.SocketException: Connection reset
	at java.base/sun.nio.ch.NioSocketImpl.implRead(NioSocketImpl.java:318) ~[na:na]
	at java.base/sun.nio.ch.NioSocketImpl.read(NioSocketImpl.java:346) ~[na:na]
	at java.base/sun.nio.ch.NioSocketImpl$1.read(NioSocketImpl.java:796) ~[na:na]
	at java.base/java.net.Socket$SocketInputStream.read(Socket.java:1099) ~[na:na]
	at java.base/sun.security.ssl.SSLSocketInputRecord.read(SSLSocketInputRecord.java:489) ~[na:na]
	at java.base/sun.security.ssl.SSLSocketInputRecord.readHeader(SSLSocketInputRecord.java:483) ~[na:na]
	at java.base/sun.security.ssl.SSLSocketInputRecord.bytesInCompletePacket(SSLSocketInputRecord.java:70) ~[na:na]
	at java.base/sun.security.ssl.SSLSocketImpl.readApplicationRecord(SSLSocketImpl.java:1460) ~[na:na]
	at java.base/sun.security.ssl.SSLSocketImpl$AppInputStream.read(SSLSocketImpl.java:1066) ~[na:na]
	at org.postgresql.core.VisibleBufferedInputStream.readMore(VisibleBufferedInputStream.java:161) ~[postgresql-42.6.2.jar:42.6.2]
	at org.postgresql.core.VisibleBufferedInputStream.ensureBytes(VisibleBufferedInputStream.java:128) ~[postgresql-42.6.2.jar:42.6.2]
	at org.postgresql.core.VisibleBufferedInputStream.ensureBytes(VisibleBufferedInputStream.java:113) ~[postgresql-42.6.2.jar:42.6.2]
	at org.postgresql.core.VisibleBufferedInputStream.read(VisibleBufferedInputStream.java:73) ~[postgresql-42.6.2.jar:42.6.2]
	at org.postgresql.core.PGStream.receiveChar(PGStream.java:465) ~[postgresql-42.6.2.jar:42.6.2]
	at org.postgresql.core.v3.QueryExecutorImpl.processResults(QueryExecutorImpl.java:2155) ~[postgresql-42.6.2.jar:42.6.2]
	at org.postgresql.core.v3.QueryExecutorImpl.execute(QueryExecutorImpl.java:368) ~[postgresql-42.6.2.jar:42.6.2]
	... 166 common frames omitted

2026-08-20T09:09:29.773+06:30  WARN 24284 --- [nio-8080-exec-2] c.u.exception.GlobalExceptionHandler     : Data access failure on /api/schedules/published: Unable to rollback against JDBC Connection
2026-08-20T09:09:29.741+06:30 ERROR 24284 --- [nio-8080-exec-6] c.u.exception.GlobalExceptionHandler     : Unhandled exception on /api/auth/refresh

org.springframework.transaction.CannotCreateTransactionException: Could not open JPA EntityManager for transaction
	at org.springframework.orm.jpa.JpaTransactionManager.doBegin(JpaTransactionManager.java:466) ~[spring-orm-6.1.6.jar:6.1.6]
	at org.springframework.transaction.support.AbstractPlatformTransactionManager.startTransaction(AbstractPlatformTransactionManager.java:531) ~[spring-tx-6.1.6.jar:6.1.6]
	at org.springframework.transaction.support.AbstractPlatformTransactionManager.getTransaction(AbstractPlatformTransactionManager.java:405) ~[spring-tx-6.1.6.jar:6.1.6]
	at org.springframework.transaction.interceptor.TransactionAspectSupport.createTransactionIfNecessary(TransactionAspectSupport.java:617) ~[spring-tx-6.1.6.jar:6.1.6]
	at org.springframework.transaction.interceptor.TransactionAspectSupport.invokeWithinTransaction(TransactionAspectSupport.java:386) ~[spring-tx-6.1.6.jar:6.1.6]
	at org.springframework.transaction.interceptor.TransactionInterceptor.invoke(TransactionInterceptor.java:119) ~[spring-tx-6.1.6.jar:6.1.6]
	at org.springframework.aop.framework.ReflectiveMethodInvocation.proceed(ReflectiveMethodInvocation.java:184) ~[spring-aop-6.1.6.jar:6.1.6]
	at org.springframework.aop.framework.CglibAopProxy$CglibMethodInvocation.proceed(CglibAopProxy.java:768) ~[spring-aop-6.1.6.jar:6.1.6]
	at org.springframework.aop.framework.CglibAopProxy$DynamicAdvisedInterceptor.intercept(CglibAopProxy.java:720) ~[spring-aop-6.1.6.jar:6.1.6]
	at com.unicconnect.service.AuthService$$SpringCGLIB$$0.refresh(<generated>) ~[classes/:na]
	at com.unicconnect.controller.AuthController.refresh(AuthController.java:37) ~[classes/:na]
	at java.base/jdk.internal.reflect.DirectMethodHandleAccessor.invoke(DirectMethodHandleAccessor.java:103) ~[na:na]
	at java.base/java.lang.reflect.Method.invoke(Method.java:580) ~[na:na]
	at org.springframework.web.method.support.InvocableHandlerMethod.doInvoke(InvocableHandlerMethod.java:255) ~[spring-web-6.1.6.jar:6.1.6]
	at org.springframework.web.method.support.InvocableHandlerMethod.invokeForRequest(InvocableHandlerMethod.java:188) ~[spring-web-6.1.6.jar:6.1.6]
	at org.springframework.web.servlet.mvc.method.annotation.ServletInvocableHandlerMethod.invokeAndHandle(ServletInvocableHandlerMethod.java:118) ~[spring-webmvc-6.1.6.jar:6.1.6]
	at org.springframework.web.servlet.mvc.method.annotation.RequestMappingHandlerAdapter.invokeHandlerMethod(RequestMappingHandlerAdapter.java:926) ~[spring-webmvc-6.1.6.jar:6.1.6]
	at org.springframework.web.servlet.mvc.method.annotation.RequestMappingHandlerAdapter.handleInternal(RequestMappingHandlerAdapter.java:831) ~[spring-webmvc-6.1.6.jar:6.1.6]
	at org.springframework.web.servlet.mvc.method.AbstractHandlerMethodAdapter.handle(AbstractHandlerMethodAdapter.java:87) ~[spring-webmvc-6.1.6.jar:6.1.6]
	at org.springframework.web.servlet.DispatcherServlet.doDispatch(DispatcherServlet.java:1089) ~[spring-webmvc-6.1.6.jar:6.1.6]
	at org.springframework.web.servlet.DispatcherServlet.doService(DispatcherServlet.java:979) ~[spring-webmvc-6.1.6.jar:6.1.6]
	at org.springframework.web.servlet.FrameworkServlet.processRequest(FrameworkServlet.java:1014) ~[spring-webmvc-6.1.6.jar:6.1.6]
	at org.springframework.web.servlet.FrameworkServlet.doPost(FrameworkServlet.java:914) ~[spring-webmvc-6.1.6.jar:6.1.6]
	at jakarta.servlet.http.HttpServlet.service(HttpServlet.java:590) ~[tomcat-embed-core-10.1.20.jar:6.0]
	at org.springframework.web.servlet.FrameworkServlet.service(FrameworkServlet.java:885) ~[spring-webmvc-6.1.6.jar:6.1.6]
	at jakarta.servlet.http.HttpServlet.service(HttpServlet.java:658) ~[tomcat-embed-core-10.1.20.jar:6.0]
	at org.apache.catalina.core.ApplicationFilterChain.internalDoFilter(ApplicationFilterChain.java:206) ~[tomcat-embed-core-10.1.20.jar:10.1.20]
	at org.apache.catalina.core.ApplicationFilterChain.doFilter(ApplicationFilterChain.java:150) ~[tomcat-embed-core-10.1.20.jar:10.1.20]
	at org.apache.tomcat.websocket.server.WsFilter.doFilter(WsFilter.java:51) ~[tomcat-embed-websocket-10.1.20.jar:10.1.20]
	at org.apache.catalina.core.ApplicationFilterChain.internalDoFilter(ApplicationFilterChain.java:175) ~[tomcat-embed-core-10.1.20.jar:10.1.20]
	at org.apache.catalina.core.ApplicationFilterChain.doFilter(ApplicationFilterChain.java:150) ~[tomcat-embed-core-10.1.20.jar:10.1.20]
	at org.springframework.web.filter.OncePerRequestFilter.doFilter(OncePerRequestFilter.java:110) ~[spring-web-6.1.6.jar:6.1.6]
	at org.apache.catalina.core.ApplicationFilterChain.internalDoFilter(ApplicationFilterChain.java:175) ~[tomcat-embed-core-10.1.20.jar:10.1.20]
	at org.apache.catalina.core.ApplicationFilterChain.doFilter(ApplicationFilterChain.java:150) ~[tomcat-embed-core-10.1.20.jar:10.1.20]
	at org.springframework.web.filter.CompositeFilter$VirtualFilterChain.doFilter(CompositeFilter.java:108) ~[spring-web-6.1.6.jar:6.1.6]
	at org.springframework.security.web.FilterChainProxy.lambda$doFilterInternal$3(FilterChainProxy.java:231) ~[spring-security-web-6.2.4.jar:6.2.4]
	at org.springframework.security.web.FilterChainProxy$VirtualFilterChain.doFilter(FilterChainProxy.java:365) ~[spring-security-web-6.2.4.jar:6.2.4]
	at org.springframework.security.web.access.intercept.AuthorizationFilter.doFilter(AuthorizationFilter.java:100) ~[spring-security-web-6.2.4.jar:6.2.4]
	at org.springframework.security.web.FilterChainProxy$VirtualFilterChain.doFilter(FilterChainProxy.java:374) ~[spring-security-web-6.2.4.jar:6.2.4]
	at org.springframework.security.web.access.ExceptionTranslationFilter.doFilter(ExceptionTranslationFilter.java:126) ~[spring-security-web-6.2.4.jar:6.2.4]
	at org.springframework.security.web.access.ExceptionTranslationFilter.doFilter(ExceptionTranslationFilter.java:120) ~[spring-security-web-6.2.4.jar:6.2.4]
	at org.springframework.security.web.FilterChainProxy$VirtualFilterChain.doFilter(FilterChainProxy.java:374) ~[spring-security-web-6.2.4.jar:6.2.4]
	at org.springframework.security.web.session.SessionManagementFilter.doFilter(SessionManagementFilter.java:131) ~[spring-security-web-6.2.4.jar:6.2.4]
	at org.springframework.security.web.session.SessionManagementFilter.doFilter(SessionManagementFilter.java:85) ~[spring-security-web-6.2.4.jar:6.2.4]
	at org.springframework.security.web.FilterChainProxy$VirtualFilterChain.doFilter(FilterChainProxy.java:374) ~[spring-security-web-6.2.4.jar:6.2.4]
	at org.springframework.security.web.authentication.AnonymousAuthenticationFilter.doFilter(AnonymousAuthenticationFilter.java:100) ~[spring-security-web-6.2.4.jar:6.2.4]
	at org.springframework.security.web.FilterChainProxy$VirtualFilterChain.doFilter(FilterChainProxy.java:374) ~[spring-security-web-6.2.4.jar:6.2.4]
	at org.springframework.security.web.servletapi.SecurityContextHolderAwareRequestFilter.doFilter(SecurityContextHolderAwareRequestFilter.java:179) ~[spring-security-web-6.2.4.jar:6.2.4]
	at org.springframework.security.web.FilterChainProxy$VirtualFilterChain.doFilter(FilterChainProxy.java:374) ~[spring-security-web-6.2.4.jar:6.2.4]
	at org.springframework.security.web.savedrequest.RequestCacheAwareFilter.doFilter(RequestCacheAwareFilter.java:63) ~[spring-security-web-6.2.4.jar:6.2.4]
	at org.springframework.security.web.FilterChainProxy$VirtualFilterChain.doFilter(FilterChainProxy.java:374) ~[spring-security-web-6.2.4.jar:6.2.4]
	at com.unicconnect.security.JwtAuthenticationFilter.doFilterInternal(JwtAuthenticationFilter.java:49) ~[classes/:na]
	at org.springframework.web.filter.OncePerRequestFilter.doFilter(OncePerRequestFilter.java:116) ~[spring-web-6.1.6.jar:6.1.6]
	at org.springframework.security.web.FilterChainProxy$VirtualFilterChain.doFilter(FilterChainProxy.java:374) ~[spring-security-web-6.2.4.jar:6.2.4]
	at org.springframework.security.web.authentication.logout.LogoutFilter.doFilter(LogoutFilter.java:107) ~[spring-security-web-6.2.4.jar:6.2.4]
	at org.springframework.security.web.authentication.logout.LogoutFilter.doFilter(LogoutFilter.java:93) ~[spring-security-web-6.2.4.jar:6.2.4]
	at org.springframework.security.web.FilterChainProxy$VirtualFilterChain.doFilter(FilterChainProxy.java:374) ~[spring-security-web-6.2.4.jar:6.2.4]
	at org.springframework.web.filter.CorsFilter.doFilterInternal(CorsFilter.java:91) ~[spring-web-6.1.6.jar:6.1.6]
	at org.springframework.web.filter.OncePerRequestFilter.doFilter(OncePerRequestFilter.java:116) ~[spring-web-6.1.6.jar:6.1.6]
	at org.springframework.security.web.FilterChainProxy$VirtualFilterChain.doFilter(FilterChainProxy.java:374) ~[spring-security-web-6.2.4.jar:6.2.4]
	at org.springframework.security.web.header.HeaderWriterFilter.doHeadersAfter(HeaderWriterFilter.java:90) ~[spring-security-web-6.2.4.jar:6.2.4]
	at org.springframework.security.web.header.HeaderWriterFilter.doFilterInternal(HeaderWriterFilter.java:75) ~[spring-security-web-6.2.4.jar:6.2.4]
	at org.springframework.web.filter.OncePerRequestFilter.doFilter(OncePerRequestFilter.java:116) ~[spring-web-6.1.6.jar:6.1.6]
	at org.springframework.security.web.FilterChainProxy$VirtualFilterChain.doFilter(FilterChainProxy.java:374) ~[spring-security-web-6.2.4.jar:6.2.4]
	at org.springframework.security.web.context.SecurityContextHolderFilter.doFilter(SecurityContextHolderFilter.java:82) ~[spring-security-web-6.2.4.jar:6.2.4]
	at org.springframework.security.web.context.SecurityContextHolderFilter.doFilter(SecurityContextHolderFilter.java:69) ~[spring-security-web-6.2.4.jar:6.2.4]
	at org.springframework.security.web.FilterChainProxy$VirtualFilterChain.doFilter(FilterChainProxy.java:374) ~[spring-security-web-6.2.4.jar:6.2.4]
	at org.springframework.security.web.context.request.async.WebAsyncManagerIntegrationFilter.doFilterInternal(WebAsyncManagerIntegrationFilter.java:62) ~[spring-security-web-6.2.4.jar:6.2.4]
	at org.springframework.web.filter.OncePerRequestFilter.doFilter(OncePerRequestFilter.java:116) ~[spring-web-6.1.6.jar:6.1.6]
	at org.springframework.security.web.FilterChainProxy$VirtualFilterChain.doFilter(FilterChainProxy.java:374) ~[spring-security-web-6.2.4.jar:6.2.4]
	at org.springframework.security.web.session.DisableEncodeUrlFilter.doFilterInternal(DisableEncodeUrlFilter.java:42) ~[spring-security-web-6.2.4.jar:6.2.4]
	at org.springframework.web.filter.OncePerRequestFilter.doFilter(OncePerRequestFilter.java:116) ~[spring-web-6.1.6.jar:6.1.6]
	at org.springframework.security.web.FilterChainProxy$VirtualFilterChain.doFilter(FilterChainProxy.java:374) ~[spring-security-web-6.2.4.jar:6.2.4]
	at org.springframework.security.web.FilterChainProxy.doFilterInternal(FilterChainProxy.java:233) ~[spring-security-web-6.2.4.jar:6.2.4]
	at org.springframework.security.web.FilterChainProxy.doFilter(FilterChainProxy.java:191) ~[spring-security-web-6.2.4.jar:6.2.4]
	at org.springframework.web.filter.CompositeFilter$VirtualFilterChain.doFilter(CompositeFilter.java:113) ~[spring-web-6.1.6.jar:6.1.6]
	at org.springframework.web.servlet.handler.HandlerMappingIntrospector.lambda$createCacheFilter$3(HandlerMappingIntrospector.java:195) ~[spring-webmvc-6.1.6.jar:6.1.6]
	at org.springframework.web.filter.CompositeFilter$VirtualFilterChain.doFilter(CompositeFilter.java:113) ~[spring-web-6.1.6.jar:6.1.6]
	at org.springframework.web.filter.CompositeFilter.doFilter(CompositeFilter.java:74) ~[spring-web-6.1.6.jar:6.1.6]
	at org.springframework.security.config.annotation.web.configuration.WebMvcSecurityConfiguration$CompositeFilterChainProxy.doFilter(WebMvcSecurityConfiguration.java:230) ~[spring-security-config-6.2.4.jar:6.2.4]
	at org.springframework.web.filter.DelegatingFilterProxy.invokeDelegate(DelegatingFilterProxy.java:352) ~[spring-web-6.1.6.jar:6.1.6]
	at org.springframework.web.filter.DelegatingFilterProxy.doFilter(DelegatingFilterProxy.java:268) ~[spring-web-6.1.6.jar:6.1.6]
	at org.apache.catalina.core.ApplicationFilterChain.internalDoFilter(ApplicationFilterChain.java:175) ~[tomcat-embed-core-10.1.20.jar:10.1.20]
	at org.apache.catalina.core.ApplicationFilterChain.doFilter(ApplicationFilterChain.java:150) ~[tomcat-embed-core-10.1.20.jar:10.1.20]
	at org.springframework.web.filter.RequestContextFilter.doFilterInternal(RequestContextFilter.java:100) ~[spring-web-6.1.6.jar:6.1.6]
	at org.springframework.web.filter.OncePerRequestFilter.doFilter(OncePerRequestFilter.java:116) ~[spring-web-6.1.6.jar:6.1.6]
	at org.apache.catalina.core.ApplicationFilterChain.internalDoFilter(ApplicationFilterChain.java:175) ~[tomcat-embed-core-10.1.20.jar:10.1.20]
	at org.apache.catalina.core.ApplicationFilterChain.doFilter(ApplicationFilterChain.java:150) ~[tomcat-embed-core-10.1.20.jar:10.1.20]
	at org.springframework.web.filter.FormContentFilter.doFilterInternal(FormContentFilter.java:93) ~[spring-web-6.1.6.jar:6.1.6]
	at org.springframework.web.filter.OncePerRequestFilter.doFilter(OncePerRequestFilter.java:116) ~[spring-web-6.1.6.jar:6.1.6]
	at org.apache.catalina.core.ApplicationFilterChain.internalDoFilter(ApplicationFilterChain.java:175) ~[tomcat-embed-core-10.1.20.jar:10.1.20]
	at org.apache.catalina.core.ApplicationFilterChain.doFilter(ApplicationFilterChain.java:150) ~[tomcat-embed-core-10.1.20.jar:10.1.20]
	at org.springframework.web.filter.CharacterEncodingFilter.doFilterInternal(CharacterEncodingFilter.java:201) ~[spring-web-6.1.6.jar:6.1.6]
	at org.springframework.web.filter.OncePerRequestFilter.doFilter(OncePerRequestFilter.java:116) ~[spring-web-6.1.6.jar:6.1.6]
	at org.apache.catalina.core.ApplicationFilterChain.internalDoFilter(ApplicationFilterChain.java:175) ~[tomcat-embed-core-10.1.20.jar:10.1.20]
	at org.apache.catalina.core.ApplicationFilterChain.doFilter(ApplicationFilterChain.java:150) ~[tomcat-embed-core-10.1.20.jar:10.1.20]
	at org.apache.catalina.core.StandardWrapperValve.invoke(StandardWrapperValve.java:167) ~[tomcat-embed-core-10.1.20.jar:10.1.20]
	at org.apache.catalina.core.StandardContextValve.invoke(StandardContextValve.java:90) ~[tomcat-embed-core-10.1.20.jar:10.1.20]
	at org.apache.catalina.authenticator.AuthenticatorBase.invoke(AuthenticatorBase.java:482) ~[tomcat-embed-core-10.1.20.jar:10.1.20]
	at org.apache.catalina.core.StandardHostValve.invoke(StandardHostValve.java:115) ~[tomcat-embed-core-10.1.20.jar:10.1.20]
	at org.apache.catalina.valves.ErrorReportValve.invoke(ErrorReportValve.java:93) ~[tomcat-embed-core-10.1.20.jar:10.1.20]
	at org.apache.catalina.core.StandardEngineValve.invoke(StandardEngineValve.java:74) ~[tomcat-embed-core-10.1.20.jar:10.1.20]
	at org.apache.catalina.connector.CoyoteAdapter.service(CoyoteAdapter.java:344) ~[tomcat-embed-core-10.1.20.jar:10.1.20]
	at org.apache.coyote.http11.Http11Processor.service(Http11Processor.java:391) ~[tomcat-embed-core-10.1.20.jar:10.1.20]
	at org.apache.coyote.AbstractProcessorLight.process(AbstractProcessorLight.java:63) ~[tomcat-embed-core-10.1.20.jar:10.1.20]
	at org.apache.coyote.AbstractProtocol$ConnectionHandler.process(AbstractProtocol.java:896) ~[tomcat-embed-core-10.1.20.jar:10.1.20]
	at org.apache.tomcat.util.net.NioEndpoint$SocketProcessor.doRun(NioEndpoint.java:1736) ~[tomcat-embed-core-10.1.20.jar:10.1.20]
	at org.apache.tomcat.util.net.SocketProcessorBase.run(SocketProcessorBase.java:52) ~[tomcat-embed-core-10.1.20.jar:10.1.20]
	at org.apache.tomcat.util.threads.ThreadPoolExecutor.runWorker(ThreadPoolExecutor.java:1191) ~[tomcat-embed-core-10.1.20.jar:10.1.20]
	at org.apache.tomcat.util.threads.ThreadPoolExecutor$Worker.run(ThreadPoolExecutor.java:659) ~[tomcat-embed-core-10.1.20.jar:10.1.20]
	at org.apache.tomcat.util.threads.TaskThread$WrappingRunnable.run(TaskThread.java:63) ~[tomcat-embed-core-10.1.20.jar:10.1.20]
	at java.base/java.lang.Thread.run(Thread.java:1583) ~[na:na]
Caused by: org.hibernate.exception.JDBCConnectionException: Unable to acquire JDBC Connection [HikariPool-1 - Connection is not available, request timed out after 727624ms.] [n/a]
	at org.hibernate.exception.internal.SQLExceptionTypeDelegate.convert(SQLExceptionTypeDelegate.java:51) ~[hibernate-core-6.4.4.Final.jar:6.4.4.Final]
	at org.hibernate.exception.internal.StandardSQLExceptionConverter.convert(StandardSQLExceptionConverter.java:58) ~[hibernate-core-6.4.4.Final.jar:6.4.4.Final]
	at org.hibernate.engine.jdbc.spi.SqlExceptionHelper.convert(SqlExceptionHelper.java:108) ~[hibernate-core-6.4.4.Final.jar:6.4.4.Final]
	at org.hibernate.engine.jdbc.spi.SqlExceptionHelper.convert(SqlExceptionHelper.java:94) ~[hibernate-core-6.4.4.Final.jar:6.4.4.Final]
	at org.hibernate.resource.jdbc.internal.LogicalConnectionManagedImpl.acquireConnectionIfNeeded(LogicalConnectionManagedImpl.java:116) ~[hibernate-core-6.4.4.Final.jar:6.4.4.Final]
	at org.hibernate.resource.jdbc.internal.LogicalConnectionManagedImpl.getPhysicalConnection(LogicalConnectionManagedImpl.java:143) ~[hibernate-core-6.4.4.Final.jar:6.4.4.Final]
	at org.hibernate.resource.jdbc.internal.LogicalConnectionManagedImpl.getConnectionForTransactionManagement(LogicalConnectionManagedImpl.java:273) ~[hibernate-core-6.4.4.Final.jar:6.4.4.Final]
	at org.hibernate.resource.jdbc.internal.LogicalConnectionManagedImpl.begin(LogicalConnectionManagedImpl.java:281) ~[hibernate-core-6.4.4.Final.jar:6.4.4.Final]
	at org.hibernate.resource.transaction.backend.jdbc.internal.JdbcResourceLocalTransactionCoordinatorImpl$TransactionDriverControlImpl.begin(JdbcResourceLocalTransactionCoordinatorImpl.java:232) ~[hibernate-core-6.4.4.Final.jar:6.4.4.Final]
	at org.hibernate.engine.transaction.internal.TransactionImpl.begin(TransactionImpl.java:83) ~[hibernate-core-6.4.4.Final.jar:6.4.4.Final]
	at org.springframework.orm.jpa.vendor.HibernateJpaDialect.beginTransaction(HibernateJpaDialect.java:176) ~[spring-orm-6.1.6.jar:6.1.6]
	at org.springframework.orm.jpa.JpaTransactionManager.doBegin(JpaTransactionManager.java:420) ~[spring-orm-6.1.6.jar:6.1.6]
	... 111 common frames omitted
Caused by: java.sql.SQLTransientConnectionException: HikariPool-1 - Connection is not available, request timed out after 727624ms.
	at com.zaxxer.hikari.pool.HikariPool.createTimeoutException(HikariPool.java:696) ~[HikariCP-5.0.1.jar:na]
	at com.zaxxer.hikari.pool.HikariPool.getConnection(HikariPool.java:181) ~[HikariCP-5.0.1.jar:na]
	at com.zaxxer.hikari.pool.HikariPool.getConnection(HikariPool.java:146) ~[HikariCP-5.0.1.jar:na]
	at com.zaxxer.hikari.HikariDataSource.getConnection(HikariDataSource.java:128) ~[HikariCP-5.0.1.jar:na]
	at org.hibernate.engine.jdbc.connections.internal.DatasourceConnectionProviderImpl.getConnection(DatasourceConnectionProviderImpl.java:122) ~[hibernate-core-6.4.4.Final.jar:6.4.4.Final]
	at org.hibernate.internal.NonContextualJdbcConnectionAccess.obtainConnection(NonContextualJdbcConnectionAccess.java:46) ~[hibernate-core-6.4.4.Final.jar:6.4.4.Final]
	at org.hibernate.resource.jdbc.internal.LogicalConnectionManagedImpl.acquireConnectionIfNeeded(LogicalConnectionManagedImpl.java:113) ~[hibernate-core-6.4.4.Final.jar:6.4.4.Final]
	... 118 common frames omitted
Caused by: org.postgresql.util.PSQLException: The connection attempt failed.
	at org.postgresql.core.v3.ConnectionFactoryImpl.openConnectionImpl(ConnectionFactoryImpl.java:354) ~[postgresql-42.6.2.jar:42.6.2]
	at org.postgresql.core.ConnectionFactory.openConnection(ConnectionFactory.java:54) ~[postgresql-42.6.2.jar:42.6.2]
	at org.postgresql.jdbc.PgConnection.<init>(PgConnection.java:263) ~[postgresql-42.6.2.jar:42.6.2]
	at org.postgresql.Driver.makeConnection(Driver.java:443) ~[postgresql-42.6.2.jar:42.6.2]
	at org.postgresql.Driver.connect(Driver.java:297) ~[postgresql-42.6.2.jar:42.6.2]
	at com.zaxxer.hikari.util.DriverDataSource.getConnection(DriverDataSource.java:138) ~[HikariCP-5.0.1.jar:na]
	at com.zaxxer.hikari.pool.PoolBase.newConnection(PoolBase.java:359) ~[HikariCP-5.0.1.jar:na]
	at com.zaxxer.hikari.pool.PoolBase.newPoolEntry(PoolBase.java:201) ~[HikariCP-5.0.1.jar:na]
	at com.zaxxer.hikari.pool.HikariPool.createPoolEntry(HikariPool.java:470) ~[HikariCP-5.0.1.jar:na]
	at com.zaxxer.hikari.pool.HikariPool$PoolEntryCreator.call(HikariPool.java:733) ~[HikariCP-5.0.1.jar:na]
	at com.zaxxer.hikari.pool.HikariPool$PoolEntryCreator.call(HikariPool.java:712) ~[HikariCP-5.0.1.jar:na]
	at java.base/java.util.concurrent.FutureTask.run(FutureTask.java:317) ~[na:na]
	at java.base/java.util.concurrent.ThreadPoolExecutor.runWorker(ThreadPoolExecutor.java:1144) ~[na:na]
	at java.base/java.util.concurrent.ThreadPoolExecutor$Worker.run(ThreadPoolExecutor.java:642) ~[na:na]
	... 1 common frames omitted
Caused by: java.net.UnknownHostException: ep-aged-night-ayo79t27-pooler.c-5.us-east-2.aws.neon.tech
	at java.base/sun.nio.ch.NioSocketImpl.connect(NioSocketImpl.java:567) ~[na:na]
	at java.base/java.net.SocksSocketImpl.connect(SocksSocketImpl.java:327) ~[na:na]
	at java.base/java.net.Socket.connect(Socket.java:751) ~[na:na]
	at org.postgresql.core.PGStream.createSocket(PGStream.java:243) ~[postgresql-42.6.2.jar:42.6.2]
	at org.postgresql.core.PGStream.<init>(PGStream.java:98) ~[postgresql-42.6.2.jar:42.6.2]
	at org.postgresql.core.v3.ConnectionFactoryImpl.tryConnect(ConnectionFactoryImpl.java:132) ~[postgresql-42.6.2.jar:42.6.2]
	at org.postgresql.core.v3.ConnectionFactoryImpl.openConnectionImpl(ConnectionFactoryImpl.java:258) ~[postgresql-42.6.2.jar:42.6.2]
	... 14 common frames omitted

2026-08-20T15:12:00.474+06:30  WARN 24284 --- [l-1 housekeeper] com.zaxxer.hikari.pool.HikariPool        : HikariPool-1 - Thread starvation or clock leap detected (housekeeper delta=6h14m16s545ms203µs600ns).
2026-08-20T19:28:05.863+06:30  WARN 24284 --- [l-1 housekeeper] com.zaxxer.hikari.pool.HikariPool        : HikariPool-1 - Thread starvation or clock leap detected (housekeeper delta=3h39m16s811ms313µs500ns).
2026-08-20T21:10:16.084+06:30  WARN 24284 --- [   db-keepalive] com.zaxxer.hikari.pool.PoolBase          : HikariPool-1 - Failed to validate connection org.postgresql.jdbc.PgConnection@40b989d2 (This connection has been closed.). Possibly consider using a shorter maxLifetime value.
2026-08-20T21:51:48.066+06:30  WARN 24284 --- [   db-keepalive] com.zaxxer.hikari.pool.PoolBase          : HikariPool-1 - Failed to validate connection org.postgresql.jdbc.PgConnection@63b997b9 (This connection has been closed.). Possibly consider using a shorter maxLifetime value.
2026-08-20T21:51:58.145+06:30  WARN 24284 --- [   db-keepalive] com.zaxxer.hikari.pool.PoolBase          : HikariPool-1 - Failed to validate connection org.postgresql.jdbc.PgConnection@12737f05 (This connection has been closed.). Possibly consider using a shorter maxLifetime value.
2026-08-20T22:27:35.656+06:30  WARN 24284 --- [   db-keepalive] com.zaxxer.hikari.pool.PoolBase          : HikariPool-1 - Failed to validate connection org.postgresql.jdbc.PgConnection@27a893a6 (This connection has been closed.). Possibly consider using a shorter maxLifetime value.
2026-08-20T22:27:41.271+06:30  WARN 24284 --- [   db-keepalive] com.zaxxer.hikari.pool.PoolBase          : HikariPool-1 - Failed to validate connection org.postgresql.jdbc.PgConnection@d9b4b36 (This connection has been closed.). Possibly consider using a shorter maxLifetime value.
2026-08-20T22:30:44.194+06:30  WARN 24284 --- [   db-keepalive] com.zaxxer.hikari.pool.PoolBase          : HikariPool-1 - Failed to validate connection org.postgresql.jdbc.PgConnection@381356bf (This connection has been closed.). Possibly consider using a shorter maxLifetime value.
2026-08-20T22:30:54.219+06:30  WARN 24284 --- [   db-keepalive] com.zaxxer.hikari.pool.PoolBase          : HikariPool-1 - Failed to validate connection org.postgresql.jdbc.PgConnection@138841a1 (This connection has been closed.). Possibly consider using a shorter maxLifetime value.
2026-08-20T22:42:16.611+06:30  WARN 24284 --- [   db-keepalive] com.zaxxer.hikari.pool.PoolBase          : HikariPool-1 - Failed to validate connection org.postgresql.jdbc.PgConnection@6bd71d7f (This connection has been closed.). Possibly consider using a shorter maxLifetime value.
2026-08-20T22:42:25.147+06:30  WARN 24284 --- [   db-keepalive] com.zaxxer.hikari.pool.PoolBase          : HikariPool-1 - Failed to validate connection org.postgresql.jdbc.PgConnection@6cad682f (This connection has been closed.). Possibly consider using a shorter maxLifetime value.
2026-08-21T02:22:28.603+06:30  WARN 24284 --- [l-1 housekeeper] com.zaxxer.hikari.pool.HikariPool        : HikariPool-1 - Thread starvation or clock leap detected (housekeeper delta=46s17ms694µs800ns).
2026-08-21T05:37:41.530+06:30  WARN 24284 --- [l-1 housekeeper] com.zaxxer.hikari.pool.HikariPool        : HikariPool-1 - Thread starvation or clock leap detected (housekeeper delta=3h15m12s787ms657µs899ns).
2026-08-21T08:38:14.454+06:30  WARN 24284 --- [l-1 housekeeper] com.zaxxer.hikari.pool.HikariPool        : HikariPool-1 - Thread starvation or clock leap detected (housekeeper delta=40m59s549ms285µs600ns).
2026-08-21T09:37:52.959+06:30  WARN 24284 --- [   db-keepalive] com.zaxxer.hikari.pool.PoolBase          : HikariPool-1 - Failed to validate connection org.postgresql.jdbc.PgConnection@5719f92 (This connection has been closed.). Possibly consider using a shorter maxLifetime value.
2026-08-21T09:37:59.927+06:30  WARN 24284 --- [   db-keepalive] com.zaxxer.hikari.pool.PoolBase          : HikariPool-1 - Failed to validate connection org.postgresql.jdbc.PgConnection@5f69bcaf (This connection has been closed.). Possibly consider using a shorter maxLifetime value.
2026-08-21T09:52:43.234+06:30  WARN 24284 --- [l-1 housekeeper] com.zaxxer.hikari.pool.HikariPool        : HikariPool-1 - Thread starvation or clock leap detected (housekeeper delta=8m57s78ms449µs600ns).
2026-08-21T10:09:10.646+06:30  WARN 24284 --- [l-1 housekeeper] com.zaxxer.hikari.pool.HikariPool        : HikariPool-1 - Thread starvation or clock leap detected (housekeeper delta=16m27s741ms91µs500ns).
2026-08-21T10:09:40.814+06:30  WARN 24284 --- [   db-keepalive] com.zaxxer.hikari.pool.PoolBase          : HikariPool-1 - Failed to validate connection org.postgresql.jdbc.PgConnection@17fc2080 (This connection has been closed.). Possibly consider using a shorter maxLifetime value.
2026-08-21T10:31:59.956+06:30  WARN 24284 --- [   db-keepalive] com.zaxxer.hikari.pool.PoolBase          : HikariPool-1 - Failed to validate connection org.postgresql.jdbc.PgConnection@68f765bc (This connection has been closed.). Possibly consider using a shorter maxLifetime value.
2026-08-21T10:32:10.216+06:30  WARN 24284 --- [   db-keepalive] com.zaxxer.hikari.pool.PoolBase          : HikariPool-1 - Failed to validate connection org.postgresql.jdbc.PgConnection@1cf860ea (This connection has been closed.). Possibly consider using a shorter maxLifetime value.
2026-08-21T10:37:29.651+06:30  WARN 24284 --- [   db-keepalive] com.zaxxer.hikari.pool.PoolBase          : HikariPool-1 - Failed to validate connection org.postgresql.jdbc.PgConnection@2decd8b0 (This connection has been closed.). Possibly consider using a shorter maxLifetime value.
2026-08-21T10:37:37.587+06:30  WARN 24284 --- [   db-keepalive] com.zaxxer.hikari.pool.PoolBase          : HikariPool-1 - Failed to validate connection org.postgresql.jdbc.PgConnection@216654ad (This connection has been closed.). Possibly consider using a shorter maxLifetime value.
2026-08-21T10:46:08.855+06:30  WARN 24284 --- [   db-keepalive] com.zaxxer.hikari.pool.PoolBase          : HikariPool-1 - Failed to validate connection org.postgresql.jdbc.PgConnection@38f1287e (This connection has been closed.). Possibly consider using a shorter maxLifetime value.
2026-08-21T10:46:08.966+06:30  WARN 24284 --- [   db-keepalive] com.zaxxer.hikari.pool.PoolBase          : HikariPool-1 - Failed to validate connection org.postgresql.jdbc.PgConnection@6188d1f9 (This connection has been closed.). Possibly consider using a shorter maxLifetime value.
2026-08-21T12:29:03.612+06:30  WARN 24284 --- [l-1 housekeeper] com.zaxxer.hikari.pool.HikariPool        : HikariPool-1 - Thread starvation or clock leap detected (housekeeper delta=40m50s969ms260µs800ns).
2026-08-21T13:01:30.635+06:30  WARN 24284 --- [   db-keepalive] com.zaxxer.hikari.pool.PoolBase          : HikariPool-1 - Failed to validate connection org.postgresql.jdbc.PgConnection@499f3047 (This connection has been closed.). Possibly consider using a shorter maxLifetime value.
2026-08-21T13:01:40.690+06:30  WARN 24284 --- [   db-keepalive] com.zaxxer.hikari.pool.PoolBase          : HikariPool-1 - Failed to validate connection org.postgresql.jdbc.PgConnection@2d24804e (This connection has been closed.). Possibly consider using a shorter maxLifetime value.
2026-08-21T13:59:48.380+06:30  WARN 24284 --- [l-1 housekeeper] com.zaxxer.hikari.pool.HikariPool        : HikariPool-1 - Thread starvation or clock leap detected (housekeeper delta=2m42s933ms400µs800ns).
2026-08-21T14:00:30.725+06:30  WARN 24284 --- [   db-keepalive] com.zaxxer.hikari.pool.PoolBase          : HikariPool-1 - Failed to validate connection org.postgresql.jdbc.PgConnection@693c4d73 (This connection has been closed.). Possibly consider using a shorter maxLifetime value.
2026-08-21T14:00:30.773+06:30  WARN 24284 --- [   db-keepalive] com.zaxxer.hikari.pool.PoolBase          : HikariPool-1 - Failed to validate connection org.postgresql.jdbc.PgConnection@179259e4 (This connection has been closed.). Possibly consider using a shorter maxLifetime value.
2026-08-21T14:08:41.252+06:30  WARN 24284 --- [   db-keepalive] com.zaxxer.hikari.pool.PoolBase          : HikariPool-1 - Failed to validate connection org.postgresql.jdbc.PgConnection@3c8897c3 (This connection has been closed.). Possibly consider using a shorter maxLifetime value.
2026-08-21T14:08:51.360+06:30  WARN 24284 --- [   db-keepalive] com.zaxxer.hikari.pool.PoolBase          : HikariPool-1 - Failed to validate connection org.postgresql.jdbc.PgConnection@3f8b88c6 (This connection has been closed.). Possibly consider using a shorter maxLifetime value.
2026-08-21T14:14:02.431+06:30  WARN 24284 --- [   db-keepalive] com.zaxxer.hikari.pool.PoolBase          : HikariPool-1 - Failed to validate connection org.postgresql.jdbc.PgConnection@509a0015 (This connection has been closed.). Possibly consider using a shorter maxLifetime value.
2026-08-21T14:14:02.532+06:30  WARN 24284 --- [   db-keepalive] com.zaxxer.hikari.pool.PoolBase          : HikariPool-1 - Failed to validate connection org.postgresql.jdbc.PgConnection@1498c9bc (This connection has been closed.). Possibly consider using a shorter maxLifetime value.
2026-08-21T15:48:56.642+06:30  WARN 24284 --- [   db-keepalive] com.zaxxer.hikari.pool.PoolBase          : HikariPool-1 - Failed to validate connection org.postgresql.jdbc.PgConnection@650fad2e (This connection has been closed.). Possibly consider using a shorter maxLifetime value.
2026-08-21T15:48:58.983+06:30  WARN 24284 --- [   db-keepalive] com.zaxxer.hikari.pool.PoolBase          : HikariPool-1 - Failed to validate connection org.postgresql.jdbc.PgConnection@35ba63fd (This connection has been closed.). Possibly consider using a shorter maxLifetime value.
2026-08-21T19:55:45.670+06:30  WARN 24284 --- [l-1 housekeeper] com.zaxxer.hikari.pool.HikariPool        : HikariPool-1 - Thread starvation or clock leap detected (housekeeper delta=4h6m602ms805µs).
2026-08-21T20:19:26.521+06:30  WARN 24284 --- [   db-keepalive] com.zaxxer.hikari.pool.PoolBase          : HikariPool-1 - Failed to validate connection org.postgresql.jdbc.PgConnection@17d3ac31 (This connection has been closed.). Possibly consider using a shorter maxLifetime value.
2026-08-21T20:19:27.233+06:30  WARN 24284 --- [   db-keepalive] com.zaxxer.hikari.pool.PoolBase          : HikariPool-1 - Failed to validate connection org.postgresql.jdbc.PgConnection@f540949 (This connection has been closed.). Possibly consider using a shorter maxLifetime value.
2026-08-21T20:22:05.087+06:30  WARN 24284 --- [   db-keepalive] com.zaxxer.hikari.pool.PoolBase          : HikariPool-1 - Failed to validate connection org.postgresql.jdbc.PgConnection@682fba3a (This connection has been closed.). Possibly consider using a shorter maxLifetime value.
2026-08-21T20:32:13.784+06:30  WARN 24284 --- [   db-keepalive] com.zaxxer.hikari.pool.PoolBase          : HikariPool-1 - Failed to validate connection org.postgresql.jdbc.PgConnection@1d3161ff (This connection has been closed.). Possibly consider using a shorter maxLifetime value.
2026-08-21T20:32:13.897+06:30  WARN 24284 --- [   db-keepalive] com.zaxxer.hikari.pool.PoolBase          : HikariPool-1 - Failed to validate connection org.postgresql.jdbc.PgConnection@539f9849 (This connection has been closed.). Possibly consider using a shorter maxLifetime value.
[INFO] ------------------------------------------------------------------------
[INFO] BUILD FAILURE
[INFO] ------------------------------------------------------------------------
[INFO] Total time:  1 d 22:50 h
[INFO] Finished at: 2026-08-21T21:11:17+06:30
[INFO] ------------------------------------------------------------------------
[ERROR] Failed to execute goal org.springframework.boot:spring-boot-maven-plugin:3.2.5:run (default-cli) on project unicconnect-api: Process terminated with exit code: -1 -> [Help 1]
[ERROR] 
[ERROR] To see the full stack trace of the errors, re-run Maven with the -e switch.
[ERROR] Re-run Maven using the -X switch to enable full debug logging.
[ERROR] 
[ERROR] For more information about the errors and possible solutions, please read the following articles:
[ERROR] [Help 1] http://cwiki.apache.org/confluence/display/MAVEN/MojoExecutionException
